:100000000C9438400C9469400C9469400C946940FD
:100010000C9469400C9469400C9469400C946940BC
:100020000C9469400C9469400C9469400C946940AC
:100030000C9469400C9469400C9469400C9469409C
:100040000C9469400C94AC850C9469400C94694004
:100050000C9469400C9469400C9469400C94798428
:100060000C9469400C94ED840C94C3840C94694006
:100070000C9469400C9469400C9469400C9469405C
:100080000C947E850C9469400C9469400C946940F2
:100090000C9469400C9469400C9469400C94DA8586
:1000A0000C9469400C9469400C9450850C94694000
:1000B0000C9469400C9469400C9469400C9422851E
:1000C0000C9469400C9469400C9469400C9469400C
:1000D0000C9469400C9469400C9469400C946940FC
:1000E0000C9469400C944F660C94FA730C942D4652
:1000F0000C94BE660C949B4F0C94EA660C94A94237
:100100000C9455540C94E1430C9456570C94BC42F7
:100110000C94E2690C94B7810C941E4D0C943151EF
:100120000C94F9580C9438570C94E2680C94685469
:100130000C9483570C94E9430C9418630C948757E0
:100140000C945D440C9471440C94D4490C94C27A80
:100150000C94D37E0C946F540C94E44A0C94B642E5
:100160000C947F670C949E7D0C94045F0C94367BFA
:100170000C949C4F0C94F0610C94CB4F0C94147B1A
:100180000C94CE460C941C440C94AC420C94EE7A25
:100190000C94B87A0C94C4420C94AB660C94B07670
:1001A0000C94A1420C94F8430C94467B0C947F5819
:1001B0000C941C590C94185D0C9440460C94F15509
:1001C0000C94087B0C94294F0C94D2420C946964D3
:1001D0000C94CA5E0C9495720C944F4E0C949956E4
:1001E0000C9455580C94C6480C94D8420C94968A9A
:1001F0000C947B440C941E460C9436480C94796500
:100200000C94624F0C940C760C94C44F0C94FE74B6
:100210000C9401570C94BC7A0C94F47A0C94DF572C
:100220000C94C74E0C9402440C94B2420C94D07AB5
:100230000C94F1450C94B3690C9497420C94D766D6
:100240000C9434580C940E590C9422830C9414443E
:100250000C94287B0C943A7B0C94B97F0C944654F4
:100260000C9400580C94B27A0C94EA580C94E44E16
:100270000C94587A0C94E27D0C94148F0C94DC420C
:100280000C9449440C94855F0C94CE420C94F25823
:100290000C942C680C9488650C94D8610C9423827F
:1002A0000C9415590C9492660C9426440C94814637
:1002B0000C944E460C949C540C94D7420C947F574B
:1002C0000C947B570C9400590C94B5560C946744CD
:1002D0000C94A0820C940C440C9481570C94B4722E
:1002E0000C947D570C9450740C94EE430C946F80D6
:1002F0000C94B84F0C945E810C9430440C940463BD
:100300000C947F480C94AC4F0C9453440C94227B77
:100310000C946B750C9401530C94F2400C94CA42EB
:100320000C94F1400C94D3580C94DA7A0C94C0429B
:100330000C942B710C94077E0C9475840C94EE62D3
:100340000C943F540C9495580C9404570C94407B97
:100350000C94C0760C9407590C94A5420C94D67A50
:100360000C94027B0C94E07A0C943A440C94F04D7B
:100370000C9485570C940D7E0C949D420C949F64B4
:100380000C94FB7F0C949F5F0C94A47A0C94465BB6
:100390000C9489570C94716300000101090000015D
:1003A00000010123000002000B1C1001E529000BD5
:1003B0001C1001E550000B1C1001E577000B1C1010
:1003C00001E59E000B1C1001E5C5000B1C1001E5AA
:1003D000EC000B1C1001E513010B1C1001E53A01A8
:1003E0000B1C1001E561010B1C1001E588010B1CC1
:1003F0001001E5AF0117052306E9BE01060500FD62
:10040000FCC2010B1C1001E5E9011B2B2304D67B68
:10041000020427231BD88F021B2B2304D621031988
:100420002B2306D6A8031B272304D82C041B2B231D
:1004300004D6BE041B2B2304D650051B292304D647
:10044000DB051B2B2304D66D061B2B2304D6FF06CE
:1004500005170902E10E070B1C1001E535070B1CFF
:100460001001E55C070B1C1001E583070B1C100154
:10047000E5AA070B1C1001E5D1070B1C1001E5F8DC
:10048000071B292304D683081B292304D80E091926
:10049000182304E959091B292304D8E409192B233B
:1004A00004D66B0A19292304D6EC0A1B2B2304D685
:1004B0007E0B1B272304D8020C0413231BEC0C0C0B
:1004C0001B292304D8970C1B292304D6220D192994
:1004D0002304D8A30D1B292304D62E0E1B16230498
:1004E000E9790E1B182304E9CA0E1B292304D655EB
:1004F0000F1B292304D6E00F19162304E925101B2E
:10050000292304D8B01019292304D831111B15232D
:1005100004EC78111B292304D803121B292304D8C7
:100520008E121B272304D812131B292304D89D13D2
:100530001B2B2304D62F140B1C1001E556140B1C87
:100540001001E57D140B1C1001E5A4140B1C100117
:10055000E5CB1417042306FDD7140B1C1001E5FE90
:10056000141B292304D689151B292304D814161912
:10057000182304E95F161B292304D8EA16192B2334
:1005800004D6711719292304D6F2171B2B2304D67E
:1005900084181B272304D808190413231BEC1219F1
:1005A0001B292304D89D191B292304D6281A19298D
:1005B0002304D8A91A1B292304D6341B1B16230491
:1005C000E97F1B1B182304E9D01B1B292304D65BDE
:1005D0001C1B292304D6E61C19162304E92B1D1B1A
:1005E000292304D8B61D19292304D8371E1B152327
:1005F00004EC7E1E1B292304D8091F1B292304D8C1
:10060000941F1B272304D818201B292304D8A320B8
:100610001B2B2304D635210B1C1001E55C210B1C80
:100620001001E583210B1C1001E5AA210B1C100110
:10063000E50000FFF00600C0180300600C018030E8
:100640000600C0180300600C0180300600C01803CB
:1006500000600C0180300600FFF0FFF00600C018BB
:100660000300600C0180300600C0180300600C011C
:1006700080300600C0180300600C0180300600FFC7
:10068000F0FFF00600C0180300600C018030060087
:10069000C0180300600C0180300600C01803006021
:1006A0000C0180300600FFF0FFF00600C0180300C8
:1006B000600C0180300600C0180300600C0180301F
:1006C0000600C0180300600C0180300600FFF0FF38
:1006D000F00600C0180300600C0180300600C0184E
:1006E0000300600C0180300600C0180300600C019C
:1006F00080300600FFF0FFF00600C0180300600C19
:100700000180300600C0180300600C018030060034
:10071000C0180300600C0180300600FFF0FFF006F7
:1007200000C0180300600C0180300600C0180300F0
:10073000600C0180300600C0180300600C0180309E
:100740000600FFF0FFF00600C0180300600C0180F7
:10075000300600C0180300600C0180300600C0188D
:100760000300600C0180300600FFF0FFF00600C0BF
:10077000180300600C0180300600C0180300600CF4
:100780000180300600C0180300600C0180300600B4
:10079000FFF0FFF00600C0180300600C0180300677
:1007A00000C0180300600C0180300600C018030070
:1007B000600C0180300600FFF0FFF00600C0180357
:1007C00000600C0180300600C0180300600C01803E
:1007D000300600C0180300600C0180300600FFF0F6
:1007E000000000FFFFFBFFFFFBFFFFE00000007BBE
:1007F000FFDE78FFF00600C0180300600C018030B7
:100800000600C0180300600C0180300600C0180309
:1008100000600C0180300600FFF01FFFFF07FFFFA4
:10082000F17FFFFD77FFFF7F00001FE00003FC006A
:10083000007F80000FF00001FE00003FC00007F8BD
:100840000000FF00001FE00003FC00007F80000F9D
:10085000F00001FE00003FC00007F000007C000037
:10086000060000003000001F000007F00001FE003D
:10087000003FC00007F80000FF00001FE00003FC7D
:1008800000007F80000FF00001FE00003FC0000765
:10089000F80000FF00001FE00003FC00007F7FFF66
:1008A000F75FFFFF47FFFFF07FFFFC0027FFFFFF21
:1008B000FFFFFFFFF73037FFFFFFFFFFFFFFF720CE
:1008C0001FFFFF07FFFFF07FFFFD07FFFF70000026
:1008D0001E000003C000007800000F000001E000CF
:1008E000003C000007800000F000001E000003C074
:1008F00000007800000F000001E000003C0000074D
:1009000080000071FFFFF67FFFFF37FFFFC7000089
:1009100000F000001E000003C000007800000F007F
:100920000001E000003C000007800000F000001E15
:10093000000003C000007800000F000001E000008C
:100940003C0000077FFFF05FFFFF07FFFFF07FFF26
:10095000FC007FFFFC7FFFFF1FFFFF47FFFF7000D2
:10096000007800003C00001E00000F00000780001F
:1009700003C00001E00000F000007800003C00002F
:100980001E00000F000007800003C00001E000000F
:1009900077FFFFDFFFFFF1FFFFF600000700000712
:1009A000800003C00001E00000F000007800003C7F
:1009B00000001E00000F000007800003C00001E0DF
:1009C0000000F000007800003C00001E7FFFF77F71
:1009D000FFFD7FFFFF1FFFFF004000005C00001FC6
:1009E000C00007F80000FF00001FE00003FC00004B
:1009F0007F80000FF00001FE00003FC00007F800FC
:100A000000FF00001FE00003FC00007F80000FF0EB
:100A10000001FC00001F7FFFFD9FFFFFC1FFFFF6ED
:100A2000000001C000007800000F000001E000009D
:100A30003C000007800000F000001E000003C00022
:100A4000007800000F000001E000003C000007807B
:100A50000000F000001E000001C00000101FFFFF9A
:100A600007FFFFF17FFFFC77FFFF0F000001E000B1
:100A7000003C000007800000F000001E000003C0E2
:100A800000007800000F000001E000003C000007BB
:100A9000800000F000001E000003C0000070000095
:100AA0000DFFFFF07FFFFF07FFFFD80000070000EA
:100AB00001E000003C000007800000F000001E0084
:100AC0000003C000007800000F000001E000003CBF
:100AD000000007800000F000001E000003C00000BE
:100AE000787FFFF71FFFFF47FFFFF07FFFFC001F2E
:100AF000FFFF07FFFFF17FFFFC77FFFF0F00000103
:100B0000E000003C000007800000F000001E000034
:100B100003C000007800000F000001E000003C006E
:100B20000007800000F000001E000003C0000070FD
:100B300000000DFFFFF07FFFFF37FFFFDF00000722
:100B4000F00001FE00003FC00007F80000FF0000B9
:100B50001FE00003FC00007F80000FF00001FE009A
:100B6000003FC00007F80000FF00001FE00003FC8A
:100B700000007F7FFFF75FFFFF47FFFFF07FFFFC75
:100B8000001FFFFF07FFFFF17FFFFD77FFFF7F00E3
:100B9000001FE00003FC00007F80000FF00001FE5A
:100BA00000003FC00007F80000FF00001FE0000346
:100BB000FC00007F80000FF00001FE00003FC0003D
:100BC00007F000007C000006000000000000180094
:100BD0000007000001E000003C000007800000F07A
:100BE00000001E000003C000007800000F0000019C
:100BF000E000003C000007800000F000001E000044
:100C000003C0000078000007000000401FFFFF073E
:100C1000FFFFF17FFFFD77FFFF7F00001FE0000374
:100C2000FC00007F80000FF00001FE00003FC000CC
:100C300007F80000FF00001FE00003FC00007F80B9
:100C4000000FF00001FE00003FC00007F000007D33
:100C5000FFFFF67FFFFF37FFFFDF000007F0000117
:100C6000FE00003FC00007F80000FF00001FE0008A
:100C700003FC00007F80000FF00001FE00003FC079
:100C80000007F80000FF00001FE00003FC00007FE9
:100C90007FFFF75FFFFF47FFFFF07FFFFC001FFFB5
:100CA000FF07FFFFF17FFFFD77FFFF7F00001FE0E1
:100CB0000003FC00007F80000FF00001FE00003FF9
:100CC000C00007F80000FF00001FE00003FC000068
:100CD0007F80000FF00001FE00003FC00007F00021
:100CE000007DFFFFF67FFFFF07FFFFD80000070032
:100CF0000001E000003C000007800000F000001E42
:100D0000000003C000007800000F000001E00000B8
:100D10003C000007800000F000001E000003C0003F
:100D200000787FFFF71FFFFF47FFFFF07FFFFC000A
:100D3000F7FFF700000000000000033FFFF880FF0E
:100D4000F00600C0180300600C0180300600C018D7
:100D50000300600C0180300600C0180300600C0125
:100D600080300600FFF0FFF00600C0180300600CA2
:100D70000180300600C0180300600C0180300600BE
:100D8000C0180300600C0180300600FFF0FFF00681
:100D900000C0180300600C0180300600C01803007A
:100DA000600C0180300600C0180300600C01803028
:100DB0000600FFF0FFF00600C0180300600C018081
:100DC000300600C0180300600C0180300600C01817
:100DD0000300600C0180300600FFF0FFF00600C049
:100DE000180300600C0180300600C0180300600C7E
:100DF0000180300600C0180300600C01803006003E
:100E0000FFF0FFF00600C0180300600C0180300600
:100E100000C0180300600C0180300600C0180300F9
:100E2000600C0180300600FFF01FFFFF07FFFFF19D
:100E30007FFFFD77FFFF7F00001FE00003FC000045
:100E40007F80000FF00001FE00003FC00007F800A7
:100E500000FF00001FE00003FC00007F80000FF097
:100E60000001FE00003FC00007F000007DFFFFF61C
:100E70007FFFFF37FFFFDF000007F00001FE0000EB
:100E80003FC00007F80000FF00001FE00003FC0067
:100E9000007F80000FF00001FE00003FC00007F857
:100EA0000000FF00001FE00003FC00007F000007BF
:100EB000400000404000001C000003C0000078001B
:100EC000000F000001E000003C000007800000F07F
:100ED00000001E000003C000007800000F000001A9
:100EE000E000003C000007800000F000001C000053
:100EF000037FFFFC1FFFFFCDFFFFF7C00001FC00D9
:100F0000007F80000FF00001FE00003FC00007F8E6
:100F10000000FF00001FE00003FC00007F80000FC6
:100F2000F00001FE00003FC00007F80000FF0000D5
:100F30001FDFFFFDD7FFFFD1FFFFFC1FFFFF0000FA
:100F400000000FFFFF8FFFFFFBFFFFEE0000078099
:100F50000003C00001E00000F000007800003C0049
:100F6000001E00000F000007800003C00001E00029
:100F700000F000007800003C00001E00000EFFFFA3
:100F8000E2FFFFF8FFFFFE3FFFFE00000040000011
:100F90001C000007800000F000001E000003C000DD
:100FA000007800000F000001E000003C0000078016
:100FB0000000F000001E000003C000007800000FD9
:100FC000000001E000001C7FFFFD9FFFFFCDFFFF41
:100FD000F7C00001FC00007F80000FF00001FE0060
:100FE000003FC00007F80000FF00001FE00003FC06
:100FF00000007F80000FF00001FE00003FC00007EE
:10100000F80000FF00001FDFFFFDD7FFFFD1FFFF4B
:10101000FC1FFFFF001FFFFF1FFFFFD7FFFFDDFFCC
:10102000FFCF000007800003C00001E00000F000D7
:10103000007800003C00001E00000F000007800048
:1010400003C00001E00000F000007800003C000058
:101050001C00000DFFFFF1FFFFFF7FFFFDC0000040
:10106000F000007800003C00001E00000F000007A8
:10107000800003C00001E00000F000007800003CA8
:1010800000001E00000F000007800003C00001DF09
:10109000FFFC5FFFFF1FFFFFC7FFFFC01FFFFF1F1A
:1010A000FFFFD7FFFFDDFFFFCF000007800003C079
:1010B0000001E00000F000007800003C00001E008D
:1010C000000F000007800003C00001E00000F000F6
:1010D000007800003C00001C00000DFFFFF1FFFF46
:1010E000FF7FFFFDC00000F000007800003C000022
:1010F0001E00000F000007800003C00001E0000098
:10110000F000007800003C00001E00000F00000707
:10111000800003C00001C00000400000001FFFFF6E
:1011200007FFFFF17FFFFC77FFFF0F000001E000EA
:10113000003C000007800000F000001E000003C01B
:1011400000007800000F000001E000003C000007F4
:10115000800000F000001E000003C00000700000CE
:101160000C0000000000003000001F000007F0002D
:1011700001FE00003FC00007F80000FF00001FE074
:101180000003FC00007F80000FF00001FE00003F24
:10119000C00007F80000FF00001FE00003FC000093
:1011A0007F7FFFF75FFFFF47FFFFF07FFFFC0040FF
:1011B00000001C000003C000007800000F000001C8
:1011C000E000003C000007800000F000001E00006E
:1011D00003C000007800000F000001E000003C00A8
:1011E0000007800000F000001C0000037FFFFC1FD0
:1011F000FFFFCDFFFFF7C00001FC00007F80000F64
:10120000F00001FE00003FC00007F80000FF0000F2
:101210001FE00003FC00007F80000FF00001FE00D3
:10122000003FC00007F80000FF00001FC00001D011
:1012300000001037FFFFFFFFFFFFFFF72000000057
:101240004000001C000007800000F000001E0000AD
:1012500003C000007800000F000001E000003C0027
:101260000007800000F000001E000003C0000078AE
:1012700000000F000001E000001C000001800000E1
:101280000C000007C00001FC00007F80000FF00090
:1012900001FE00003FC00007F80000FF00001FE053
:1012A0000003FC00007F80000FF00001FE00003F03
:1012B000C00007F80000FF00001FDFFFFDD7FFFFA1
:1012C000D1FFFFFC1FFFFF001FFFFF07FFFFF17FA4
:1012D000FFFC77FFFF0F000001E000003C0000076B
:1012E000800000F000001E000003C0000078000035
:1012F0000F000001E000003C000007800000F0004B
:10130000001E000003C000007000000DFFFFF07F12
:10131000FFFF37FFFFDF000007F00001FE00003F86
:10132000C00007F80000FF00001FE00003FC000001
:101330007F80000FF00001FE00003FC00007F800B2
:1013400000FF00001FE00003FC00007F00000740DA
:101350000000404000007000003C00001E00000F34
:10136000000007800003C00001E00000F0000078EA
:1013700000003C00001E00000F000007800003C0BA
:101380000001E00000F000007000003000000000EC
:10139000000C000007000003C00001E00000F000A6
:1013A000007800003C00001E00000F0000078000D5
:1013B00003C00001E00000F000007800003C0000E5
:1013C0001E00000F0000077FFFF17FFFFC7FFFFF83
:1013D0001FFFFF001FFFFF07FFFFF17FFFFD77FFEC
:1013E000FF7F00001FE00003FC00007F80000FF083
:1013F0000001FE00003FC00007F80000FF00001FD2
:10140000E00003FC00007F80000FF00001FE000000
:101410003FC00007F000007C000006000000300024
:10142000001F000007F00001FE00003FC00007F8A9
:101430000000FF00001FE00003FC00007F80000FA1
:10144000F00001FE00003FC00007F80000FF0000B0
:101450001FE00003FC00007F000007400000400088
:10146000000003FFFFE0FFFFFE6FFFFFBE00000F65
:10147000E00003FC00007F80000FF00001FE000090
:101480003FC00007F80000FF00001FE00003FC0061
:10149000007F80000FF00001FE00003FC00007F851
:1014A0000000FE00000E8000008000000003FFFF2F
:1014B000E0FFFFFE6FFFFFBE00000FE00003FC0037
:1014C000007F80000FF00001FE00003FC00007F821
:1014D0000000FF00001FE00003FC00007F80000F01
:1014E000F00001FE00003FC00007F80000FEFFFF13
:1014F000EEBFFFFE8FFFFFE0FFFFF81FFFFF07FFBC
:10150000FFF17FFFFD77FFFF7F00001FE00003FC7E
:1015100000007F80000FF00001FE00003FC00007C8
:10152000F80000FF00001FE00003FC00007F8000C7
:101530000FF00001FE00003FC00007F000007DFF3B
:10154000FFF67FFFFF37FFFFC7000000F000001E1F
:10155000000003C000007800000F000001E0000060
:101560003C000007800000F000001E000003C000E7
:10157000007800000F000001E000003C00000700C0
:101580000000400000001FFFFF07FFFFF17FFFFD8D
:1015900077FFFF7F00001FE00003FC00007F80005A
:1015A0000FF00001FE00003FC00007F80000FF0040
:1015B000001FE00003FC00007F80000FF00001FE30
:1015C00000003FC00007F000007DFFFFF67FFFFF37
:1015D00007FFFFD8000007000001E000003C00000A
:1015E00007800000F000001E000003C0000078002B
:1015F000000F000001E000003C000007800000F048
:1016000000001E000003C00000780000070000007A
:10161000400000000FFFFF8FFFFFFBFFFFEE000009
:1016200007800003C00001E00000F0000078000027
:101630003C00001E00000F000007800003C00001F6
:10164000E00000F000007800003C00001E00000EEA
:101650000000020000004000001C000003C0000069
:101660007800000F000001E000003C00000780004F
:1016700000F000001E000003C000007800000F0012
:101680000001E000003C000007800000F000001CAA
:101690000000037FFFFC1FFFFFC1FFFFF6000001FA
:1016A000C000007800000F000001E000003C0000D6
:1016B00007800000F000001E000003C0000078005A
:1016C000000F000001E000003C000007800000F077
:1016D00000001E1FFFFDC7FFFFD1FFFFFC1FFFFF24
:1016E000004000007000003C00001E00000F0000E1
:1016F00007800003C00001E00000F0000078000057
:101700003C00001E00000F000007800003C0000125
:10171000E00000F0000070000037FFFFC7FFFFFD92
:10172000FFFFF7000003C00001E00000F0000078B8
:1017300000003C00001E00000F000007800003C0F6
:101740000001E00000F000007800003C00001E00F6
:10175000000F0000077FFFF17FFFFC7FFFFF1FFFEF
:10176000FF00C000007C00001FC00007F80000FF61
:1017700000001FE00003FC00007F80000FF000016C
:10178000FE00003FC00007F80000FF00001FE0005F
:1017900003FC00007F80000FF00001FDFFFFDD7FF4
:1017A000FFFD1FFFFFC1FFFFF04000005C00001FB6
:1017B000C00007F80000FF00001FE00003FC00006D
:1017C0007F80000FF00001FE00003FC00007F8001E
:1017D00000FF00001FE00003FC00007F80000FF00E
:1017E0000001FC00001F0000018000000C00000749
:1017F000C00001FC00007F80000FF00001FE00002F
:101800003FC00007F80000FF00001FE00003FC00DD
:10181000007F80000FF00001FE00003FC00007F8CD
:101820000000FF00001FDFFFFDD7FFFFD1FFFFFC1F
:101830001FFFFF004000005C00001FC00007F80011
:1018400000FF00001FE00003FC00007F80000FF09D
:101850000001FE00003FC00007F80000FF00001F6D
:10186000E00003FC00007F80000FF00001FC00009E
:101870001F7FFFFD9FFFFFCDFFFFF7C00001FC00B2
:10188000007F80000FF00001FE00003FC00007F85D
:101890000000FF00001FE00003FC00007F80000F3D
:1018A000F00001FE00003FC00007F80000FF00004C
:1018B0001FDFFFFDD7FFFFD1FFFFFC1FFFFF004031
:1018C00000005C00001FC00007F80000FF00001FC0
:1018D000E00003FC00007F80000FF00001FE00002C
:1018E0003FC00007F80000FF00001FE00003FC00FD
:1018F000007F80000FF00001FC00001F7FFFFD9FB4
:10190000FFFFCDFFFFF7C00001FC00007F80000F4C
:10191000F00001FE00003FC00007F80000FF0000DB
:101920001FE00003FC00007F80000FF00001FE00BC
:10193000003FC00007F80000FF00001FC00001D0FA
:101940000000104000005C00001FC00007F800000D
:10195000FF00001FE00003FC00007F80000FF0008C
:1019600001FE00003FC00007F80000FF00001FE07C
:101970000003FC00007F80000FF00001FC00001F4E
:101980007FFFFD9FFFFFC1FFFFF6000001C00000C9
:101990007800000F000001E000003C00000780001C
:1019A00000F000001E000003C000007800000F00DF
:1019B0000001E000003C000007800000F000001E75
:1019C0001FFFFDC7FFFFD1FFFFFC1FFFFF001FFF31
:1019D000FF07FFFFF07FFFFD07FFFF7000001E0005
:1019E0000003C000007800000F000001E000003C90
:1019F000000007800000F000001E000003C000008F
:101A00007800000F000001E000003C0000078000AB
:101A1000007000000600000030000007000000F029
:101A200000001E000003C000007800000F0000014D
:101A3000E000003C000007800000F000001E0000F5
:101A400003C000007800000F000001E000003C002F
:101A500000077FFFF05FFFFF07FFFFF07FFFFC0045
:101A6000FFF00600C0180300600C0180300600C0C3
:101A7000180300600C0180300600C0180300600CE1
:101A80000180300600FFF0FFF00600C01803006080
:101A90000C0180300600C0180300600C0180300685
:101AA00000C0180300600C0180300600FFF0FFF05A
:101AB0000600C0180300600C0180300600C0180347
:101AC00000600C0180300600C0180300600C01802B
:101AD000300600FFF0FFF00600C0180300600C01A4
:101AE00080300600C0180300600C0180300600C082
:101AF000180300600C0180300600FFF03FFFF8FF84
:101B0000FFFBFFFFFBFFFFE0FFF00600C018030034
:101B1000600C0180300600C0180300600C018030AA
:101B20000600C0180300600C0180300600FFF01FA3
:101B3000FFFF07FFFFF17FFFFD77FFFF7F00001F23
:101B4000E00003FC00007F80000FF00001FE0000B9
:101B50003FC00007F80000FF00001FE00003FC008A
:101B6000007F80000FF00001FE00003FC00007F082
:101B700000007DFFFFF67FFFFF37FFFFDF0000075C
:101B8000F00001FE00003FC00007F80000FF000069
:101B90001FE00003FC00007F80000FF00001FE004A
:101BA000003FC00007F80000FF00001FE00003FC3A
:101BB00000007F000007400000404000001C0000C3
:101BC00003C000007800000F000001E000003C00AE
:101BD0000007800000F000001E000003C000007835
:101BE00000000F000001E000003C00000780000042
:101BF000F000001C0000037FFFFC1FFFFFCDFFFF74
:101C0000F7C00001FC00007F80000FF00001FE0023
:101C1000003FC00007F80000FF00001FE00003FCC9
:101C200000007F80000FF00001FE00003FC00007B1
:101C3000F80000FF00001FDFFFFDD7FFFFD1FFFF0F
:101C4000FC1FFFFF000000000FFFFF8FFFFFFBFFE7
:101C5000FFEE000007800003C00001E00000F0007C
:101C6000007800003C00001E00000F00000780000C
:101C700003C00001E00000F000007800003C00001C
:101C80001E00000EFFFFE2FFFFF8FFFFFE3FFFFE1A
:101C90000000004000001C000007800000F0000071
:101CA0001E000003C000007800000F000001E000EB
:101CB000003C000007800000F000001E000003C090
:101CC00000007800000F000001E000001C7FFFFD15
:101CD0009FFFFFCDFFFFF7C00001FC00007F8000E9
:101CE0000FF00001FE00003FC00007F80000FF00F9
:101CF000001FE00003FC00007F80000FF00001FEE9
:101D000000003FC00007F80000FF00001FDFFFFDDC
:101D1000D7FFFFD1FFFFFC1FFFFF001FFFFF1FFFCB
:101D2000FFD7FFFFDDFFFFCF000007800003C000EB
:101D300001E00000F000007800003C00001E000000
:101D40000F000007800003C00001E00000F0000069
:101D50007800003C00001C00000DFFFFF1FFFFFFBA
:101D60007FFFFDC00000F000007800003C00001E76
:101D700000000F000007800003C00001E00000F039
:101D800000007800003C00001E00000F00000780EB
:101D90000003C00001DFFFFC5FFFFF1FFFFFC7FF65
:101DA000FFC01FFFFF1FFFFFD7FFFFDDFFFFCF00BB
:101DB0000007800003C00001E00000F00000780090
:101DC000003C00001E00000F000007800003C00060
:101DD00001E00000F000007800003C00001C000062
:101DE0000DFFFFF1FFFFFF7FFFFDC00000F00000CF
:101DF0007800003C00001E00000F00000780000378
:101E0000C00001E00000F000007800003C00001E6F
:101E100000000F000007800003C00001C000004068
:101E20000000001FFFFF07FFFFF17FFFFC77FFFFB0
:101E30000F000001E000003C000007800000F000FF
:101E4000001E000003C000007800000F000001E049
:101E500000003C000007800000F000001E000003AE
:101E6000C000007000000C00000000000030000006
:101E70001F000007F00001FE00003FC00007F8004F
:101E800000FF00001FE00003FC00007F80000FF057
:101E90000001FE00003FC00007F80000FF00001F27
:101EA000E00003FC00007F7FFFF75FFFFF47FFFFBD
:101EB000F07FFFFC004000001C000003C000007821
:101EC00000000F000001E000003C0000078000005F
:101ED000F000001E000003C000007800000F0000AA
:101EE00001E000003C000007800000F000001C0042
:101EF00000037FFFFC1FFFFFCDFFFFF7C00001FCC9
:101F000000007F80000FF00001FE00003FC00007CE
:101F1000F80000FF00001FE00003FC00007F8000CD
:101F20000FF00001FE00003FC00007F80000FF00B6
:101F3000001FC00001D000001037FFFFFFFFFFFFB0
:101F4000FFF7200000004000001C00000780000098
:101F5000F000001E000003C000007800000F000029
:101F600001E000003C000007800000F000001E00BF
:101F70000003C000007800000F000001E000001C1A
:101F80000000018000000C000007C00001FC000000
:101F90007F80000FF00001FE00003FC00007F80046
:101FA00000FF00001FE00003FC00007F80000FF036
:101FB0000001FE00003FC00007F80000FF00001F06
:101FC000DFFFFDD7FFFFD1FFFFFC1FFFFF001FFF5B
:101FD000FF07FFFFF17FFFFC77FFFF0F000001E02D
:101FE00000003C000007800000F000001E0000031D
:101FF000C000007800000F000001E000003C00007D
:1020000007800000F000001E000003C00000700008
:10201000000DFFFFF07FFFFF37FFFFDF000007F03D
:102020000001FE00003FC00007F80000FF00001F95
:10203000E00003FC00007F80000FF00001FE0000C4
:102040003FC00007F80000FF00001FE00003FC0095
:10205000007F000007400000404000007000003C8E
:1020600000001E00000F000007800003C00001E018
:102070000000F000007800003C00001E00000F008F
:102080000007800003C00001E00000F000007000C5
:10209000003000000000000C000007000003C0003A
:1020A00001E00000F000007800003C00001E00008D
:1020B0000F000007800003C00001E00000F00000F6
:1020C0007800003C00001E00000F0000077FFFF1B9
:1020D0007FFFFC7FFFFF1FFFFF001FFFFF07FFFFCA
:1020E000F17FFFFD77FFFF7F00001FE00003FC0092
:1020F000007F80000FF00001FE00003FC00007F8E5
:102100000000FF00001FE00003FC00007F80000FC4
:10211000F00001FE00003FC00007F000007C00005E
:10212000060000003000001F000007F00001FE0064
:10213000003FC00007F80000FF00001FE00003FCA4
:1021400000007F80000FF00001FE00003FC000078C
:10215000F80000FF00001FE00003FC00007F00000B
:10216000074000004000000003FFFFE0FFFFFE6F9C
:10217000FFFFBE00000FE00003FC00007F80000FA7
:10218000F00001FE00003FC00007F80000FF000063
:102190001FE00003FC00007F80000FF00001FE0044
:1021A000003FC00007F80000FE00000E8000008025
:1021B00000000003FFFFE0FFFFFE6FFFFFBE000017
:1021C0000FE00003FC00007F80000FF00001FE0024
:1021D000003FC00007F80000FF00001FE00003FC04
:1021E00000007F80000FF00001FE00003FC00007EC
:1021F000F80000FEFFFFEEBFFFFE8FFFFFE0FFFFD6
:10220000F81FFFFF07FFFFF17FFFFD77FFFF7F0054
:10221000001FE00003FC00007F80000FF00001FEC3
:1022200000003FC00007F80000FF00001FE00003AF
:10223000FC00007F80000FF00001FE00003FC000A6
:1022400007F000007DFFFFF67FFFFF37FFFFC700AD
:102250000000F000001E000003C000007800000F26
:10226000000001E000003C000007800000F00000DA
:102270001E000003C000007800000F000001E00015
:10228000003C000007000000400000001FFFFF07A7
:10229000FFFFF17FFFFD77FFFF7F00001FE00003DE
:1022A000FC00007F80000FF00001FE00003FC00036
:1022B00007F80000FF00001FE00003FC00007F8023
:1022C000000FF00001FE00003FC00007F000007D9D
:1022D000FFFFF67FFFFF07FFFFD8000007000001A8
:1022E000E000003C000007800000F000001E00003D
:1022F00003C000007800000F000001E000003C0077
:102300000007800000F000001E000003C0000078FD
:10231000000007000000400000000FFFFF8FFFFFDC
:10232000FBFFFFEE000007800003C00001E000009B
:10233000F000007800003C00001E00000F000007C5
:10234000800003C00001E00000F000007800003CC5
:1023500000001E00000E0000020000004000001CF3
:10236000000003C000007800000F000001E0000042
:102370003C000007800000F000001E000003C000C9
:10238000007800000F000001E000003C0000078022
:102390000000F000001C0000037FFFFC1FFFFFC1D6
:1023A000FFFFF6000001C000007800000F000001F0
:1023B000E000003C000007800000F000001E00006C
:1023C00003C000007800000F000001E000003C00A6
:1023D0000007800000F000001E1FFFFDC7FFFFD1B7
:1023E000FFFFFC1FFFFF004000007000003C0000EA
:1023F0001E00000F000007800003C00001E0000085
:10240000F000007800003C00001E00000F000007F4
:10241000800003C00001E00000F000007000003701
:10242000FFFFC7FFFFFDFFFFF7000003C00001E053
:102430000000F000007800003C00001E00000F00CB
:102440000007800003C00001E00000F000007800F9
:10245000003C00001E00000F0000077FFFF17FFF1F
:10246000FC7FFFFF1FFFFF00C000007C00001FC0BB
:102470000007F80000FF00001FE00003FC00007FE1
:1024800080000FF00001FE00003FC00007F80000D0
:10249000FF00001FE00003FC00007F80000FF00041
:1024A00001FDFFFFDD7FFFFD1FFFFFC1FFFFF040CC
:1024B00000005C00001FC00007F80000FF00001FC4
:1024C000E00003FC00007F80000FF00001FE000030
:1024D0003FC00007F80000FF00001FE00003FC0001
:1024E000007F80000FF00001FC00001F0000018051
:1024F00000000C000007C00001FC00007F80000FFE
:10250000F00001FE00003FC00007F80000FF0000DF
:102510001FE00003FC00007F80000FF00001FE00C0
:10252000003FC00007F80000FF00001FDFFFFDD7DD
:10253000FFFFD1FFFFFC1FFFFF004000005C000019
:102540001FC00007F80000FF00001FE00003FC00B0
:10255000007F80000FF00001FE00003FC00007F880
:102560000000FF00001FE00003FC00007F80000F60
:10257000F00001FC00001F7FFFFD9FFFFFCDFFFF6C
:10258000F7C00001FC00007F80000FF00001FE009A
:10259000003FC00007F80000FF00001FE00003FC40
:1025A00000007F80000FF00001FE00003FC0000728
:1025B000F80000FF00001FDFFFFDD7FFFFD1FFFF86
:1025C000FC1FFFFF004000005C00001FC00007F878
:1025D0000000FF00001FE00003FC00007F80000FF0
:1025E000F00001FE00003FC00007F80000FF0000FF
:1025F0001FE00003FC00007F80000FF00001FC00E2
:10260000001F7FFFFD9FFFFFCDFFFFF7C00001FC14
:1026100000007F80000FF00001FE00003FC00007B7
:10262000F80000FF00001FE00003FC00007F8000B6
:102630000FF00001FE00003FC00007F80000FF009F
:10264000001FC00001D00000104000005C00001F0F
:10265000C00007F80000FF00001FE00003FC0000BE
:102660007F80000FF00001FE00003FC00007F8006F
:1026700000FF00001FE00003FC00007F80000FF05F
:102680000001FC00001F7FFFFD9FFFFFC1FFFFF661
:10269000000001C000007800000F000001E0000011
:1026A0003C000007800000F000001E000003C00096
:1026B000007800000F000001E000003C00000780EF
:1026C0000000F000001E1FFFFDC7FFFFD1FFFFFC51
:1026D0001FFFFF001FFFFF07FFFFF07FFFFD07FF4A
:1026E000FF7000001E000003C000007800000F0013
:1026F0000001E000003C000007800000F000001E28
:10270000000003C000007800000F000001E000009E
:102710003C00000780000070000006000000300050
:102720000007000000F000001E000003C000007859
:1027300000000F000001E000003C000007800000E6
:10274000F000001E000003C000007800000F000031
:1027500001E000003C0000077FFFF05FFFFF07FF84
:10276000FFF07FFFFC00FFF00600C0180300600CC4
:102770000180300600C0180300600C0180300600A4
:10278000C0180300600C0180300600FFF0FFF00667
:1027900000C0180300600C0180300600C018030060
:1027A000600C0180300600C0180300600C0180300E
:1027B0000600FFF0FFF00600C0180300600C018067
:1027C000300600C0180300600C0180300600C018FD
:1027D0000300600C0180300600FFF0FFF00600C02F
:1027E000180300600C0180300600C0180300600C64
:1027F0000180300600C0180300600C018030060024
:10280000FFF00000010108000001000101200000AC
:1028100002000A1A0E01E723000A1A0E01E744001B
:102820000A1A0E01E765000A1A0E01E786000A1A65
:102830000E01E7A7000A1A0E01E7C8000A1A0E01E6
:10284000E7E9000A1A0E01E70A010A1A0E01E72B4E
:10285000010A1A0E01E74C010A1A0E01E76D011474
:10286000032006EC7501040500FEFC78010A1A0E2F
:1028700001E7990118272004DA0E0204232018DC4E
:10288000200218272004DA950216272006DA010311
:1028900018232004DC6A0318272004DADF03182732
:1028A0002004DA540418252004DAC304182720046D
:1028B000DA380518272004DAAD0505140801E4BA52
:1028C000050A1A0E01E7DB050A1A0E01E7FC050AE4
:1028D0001A0E01E71D060A1A0E01E73E060A1A0E35
:1028E00001E75F060A1A0E01E7800618252004DAC0
:1028F000EF0618252004DC5E0716152004EC980767
:1029000018252004DC070816272004DA730816258A
:102910002004DAD90818272004DA4E0918232004E5
:10292000DCB70904112018EEC00918252004DC2F9B
:102930000A18252004DA9E0A16252004DC040B1848
:10294000252004DA730B18132004ECAC0B181520A7
:1029500004ECEB0B18252004DA5A0C18252004DAB5
:10296000C90C16132004ECFE0C18252004DC6D0D98
:1029700016252004DCD30D18132004EE0C0E1825A8
:102980002004DC7B0E18252004DCEA0E182320042A
:10299000DC530F18252004DCC20F18272004DA3777
:1029A000100A1A0E01E758100A1A0E01E779100AE8
:1029B0001A0E01E79A100A1A0E01E7BB1014042040
:1029C00006FDC5100A1A0E01E7E61018252004DAE4
:1029D000551118252004DCC41116152004ECFE1135
:1029E00018252004DC6D1216272004DAD9121625CA
:1029F0002004DA3F1318272004DAB4131823200424
:102A0000DC1D1404112018EE261418252004DC9572
:102A10001418252004DA041516252004DC6A15187C
:102A2000252004DAD91518132004EC1216181520E5
:102A300004EC511618252004DAC01618252004DAF3
:102A40002F1716132004EC641718252004DCD31765
:102A500016252004DC391818132004EE72181825E6
:102A60002004DCE11818252004DC50191823200468
:102A7000DCB91918252004DC281A18272004DA9D4F
:102A80001A0A1A0E01E7BE1A0A1A0E01E7DF1A0A1D
:102A90001A0E01E7001B0A1A0E01E70000FFE018FA
:102AA0000601806018060180601806018060180623
:102AB0000180601806018060180601807FF0FFE049
:102AC00018060180601806018060180601806018F1
:102AD000060180601806018060180601807FF0FF03
:102AE000E018060180601806018060180601806009
:102AF00018060180601806018060180601807FF0CA
:102B0000FFE0180601806018060180601806018049
:102B10006018060180601806018060180601807F39
:102B2000F0FFE018060180601806018060180601B9
:102B30008060180601806018060180601806018018
:102B40007FF0FFE01806018060180601806018061B
:102B50000180601806018060180601806018060177
:102B6000807FF0FFE0180601806018060180601881
:102B70000601806018060180601806018060180652
:102B800001807FF0FFE01806018060180601806078
:102B90001806018060180601806018060180601820
:102BA0000601807FF0FFE0180601806018060180B2
:102BB00060180601806018060180601806018060B8
:102BC000180601807FF0FFE01806018060180601FA
:102BD0008060180601806018060180601806018078
:102BE00060180601807FF0FFE0180601806018067B
:102BF00001806018060180601806018060180601D7
:102C00008060180601807FF07FFFEFFFFF7FFFE00D
:102C10006FFF60FFE01806018060180601806018F1
:102C200006018060180601806018060180601806A1
:102C300001807FF03FFFFC3FFFFCDFFFFBEFFFF772
:102C4000E0000FE0000FE0000FE0000FE0000FE0F9
:102C5000000FE0000FE0000FE0000FE0000FE000C9
:102C60000FE0000FE0000FE00007C00003000000CD
:102C7000800003C00007E0000FE0000FE0000FE05D
:102C8000000FE0000FE0000FE0000FE0000FE00099
:102C90000FE0000FE0000FE0000FE0000FEFFFF784
:102CA000DFFFFB3FFFFC3FFFFC37FFFFFFFFFFFFA6
:102CB000F73037FFFFFFFFFFFFF7303FFFFC3FFF1D
:102CC000FC1FFFFB0FFFF700000F00000F00000FBD
:102CD00000000F00000F00000F00000F00000F00A9
:102CE000000F00000F00000F00000F00000F000099
:102CF000071FFFFB3FFFFC9FFFF8C00000E0000044
:102D0000E00000E00000E00000E00000E00000E083
:102D10000000E00000E00000E00000E00000E00053
:102D200000E00000EFFFF0DFFFF83FFFFC3FFFFC9B
:102D3000FFFFF3FFFFC7FFFECFFFF700003C0000DF
:102D4000F00003C0000F00003C0000F00003C000D2
:102D50000F00003C0000F00003C0000F00003C002A
:102D60000077FFFEFFFFFC7FFFEC0000700003C058
:102D7000000F00003C0000F00003C0000F00003C0A
:102D80000000F00003C0000F00003C0000F0000352
:102D9000CFFFF77FFFEFFFFFCFFFFF00C00003E093
:102DA0000007E0000FE0000FE0000FE0000FE00080
:102DB0000FE0000FE0000FE0000FE0000FE0000F59
:102DC000E0000FE0000FE0000FE00007DFFFFB3F37
:102DD000FFFC1FFFFB00000700000F00000F0000BA
:102DE0000F00000F00000F00000F00000F00000F89
:102DF00000000F00000F00000F00000F00000F0088
:102E000000070000033FFFFC3FFFFCDFFFF8EFFF80
:102E1000F0E00000E00000E00000E00000E0000062
:102E2000E00000E00000E00000E00000E00000E062
:102E30000000E00000E00000E00000DFFFF83FFFDE
:102E4000FC1FFFFB00000700000F00000F00000F39
:102E500000000F00000F00000F00000F00000F0027
:102E6000000F00000F00000F00000F00000F0FFF09
:102E7000F71FFFFB3FFFFC3FFFFC3FFFFC3FFFFC5A
:102E8000DFFFF8EFFFF0E00000E00000E00000E00E
:102E90000000E00000E00000E00000E00000E000D2
:102EA00000E00000E00000E00000E00000E00000C2
:102EB000DFFFF83FFFFC9FFFFBC00007E0000FE0D3
:102EC000000FE0000FE0000FE0000FE0000FE00057
:102ED0000FE0000FE0000FE0000FE0000FE0000F38
:102EE000E0000FEFFFF7DFFFFB3FFFFC3FFFFC3F82
:102EF000FFFC3FFFFCDFFFFBEFFFF7E0000FE00010
:102F00000FE0000FE0000FE0000FE0000FE0000F07
:102F1000E0000FE0000FE0000FE0000FE0000FE026
:102F2000000FE00007C000030000000000030000E5
:102F30000700000F00000F00000F00000F00000F3F
:102F400000000F00000F00000F00000F00000F0036
:102F5000000F00000F00000F0000070000033FFFFC
:102F6000FC3FFFFCDFFFFBEFFFF7E0000FE0000F8F
:102F7000E0000FE0000FE0000FE0000FE0000FE0C6
:102F8000000FE0000FE0000FE0000FE0000FE00096
:102F90000FE00007DFFFFB3FFFFC9FFFFBC00007C8
:102FA000E0000FE0000FE0000FE0000FE0000FE096
:102FB000000FE0000FE0000FE0000FE0000FE00066
:102FC0000FE0000FE0000FEFFFF7DFFFFB3FFFFC1C
:102FD0003FFFFC3FFFFC3FFFFCDFFFFBEFFFF7E0A5
:102FE000000FE0000FE0000FE0000FE0000FE00036
:102FF0000FE0000FE0000FE0000FE0000FE0000F17
:10300000E0000FE0000FE00007DFFFFB3FFFFC1FC9
:10301000FFFB00000700000F00000F00000F000082
:103020000F00000F00000F00000F00000F00000F46
:1030300000000F00000F00000F00000F0FFFF71F30
:10304000FFFB3FFFFC3FFFFC7BDEF00000000000C9
:1030500000007BDEF0FFE0180601806018060180AA
:103060006018060180601806018060180601806003
:10307000180601807FF0FFE0180601806018060145
:1030800080601806018060180601806018060180C3
:1030900060180601807FF0FFE018060180601806C6
:1030A0000180601806018060180601806018060122
:1030B0008060180601807FF0FFE01806018060182C
:1030C00006018060180601806018060180601806FD
:1030D000018060180601807FF0FFE0180601806023
:1030E00018060180601806018060180601806018CB
:1030F00006018060180601807FF0FFE0180601805D
:103100006018060180601806018060180601806062
:103110001806018060180601807FF03FFFFC3FFF2A
:10312000FCDFFFFBEFFFF7E0000FE0000FE0000F18
:10313000E0000FE0000FE0000FE0000FE0000FE004
:10314000000FE0000FE0000FE0000FE0000FE000D4
:1031500007DFFFFB3FFFFC9FFFFBC00007E0000F06
:10316000E0000FE0000FE0000FE0000FE0000FE0D4
:10317000000FE0000FE0000FE0000FE0000FE000A4
:103180000FE0000FE00007C00003C00000E00000F7
:10319000E00000E00000E00000E00000E00000E0EF
:1031A0000000E00000E00000E00000E00000E000BF
:1031B00000E00000E00000E00000DFFFF83FFFFC5F
:1031C0009FFFFBC00007E0000FE0000FE0000FE0F2
:1031D000000FE0000FE0000FE0000FE0000FE00044
:1031E0000FE0000FE0000FE0000FE0000FEFFFF72F
:1031F000DFFFFB3FFFFC3FFFFC1FFFF8FFFFF9FF76
:10320000FFB00000E0000380000E0000380000E086
:10321000000380000E0000380000E0000380000E74
:103220000000380000E00003BFFFCDFFFF8FFFFF6D
:103230003FFFFC00000300000700000F00000F002C
:10324000000F00000F00000F00000F00000F000033
:103250000F00000F00000F00000F00000F00000F14
:103260000000071FFFFB3FFFFC9FFFFBC00007E0C4
:10327000000FE0000FE0000FE0000FE0000FE000A3
:103280000FE0000FE0000FE0000FE0000FE0000F84
:10329000E0000FE0000FEFFFF7DFFFFB3FFFFC3F19
:1032A000FFFC3FFFFCFFFFFDFFFFBBFFFCE0000357
:1032B00080000E0000380000E0000380000E0000D7
:1032C000380000E0000380000E0000380000E0003D
:1032D0000380000DFFFF8FFFFF9FFFFB00000E002C
:1032E00000380000E0000380000E0000380000E01D
:1032F000000380000E0000380000E0000380000E94
:1033000000003BFFFCDFFFF8FFFFF3FFFFC03FFFC4
:10331000FCFFFFFDFFFFBBFFFCE0000380000E0091
:1033200000380000E0000380000E0000380000E0DC
:10333000000380000E0000380000E0000380000D54
:10334000FFFF8FFFFF9FFFFB00000E000038000013
:10335000E0000380000E0000380000E00003800061
:103360000E0000380000E0000380000E000038006E
:1033700000C000003FFFFC3FFFFCDFFFF8EFFFF065
:10338000E00000E00000E00000E00000E00000E0FD
:103390000000E00000E00000E00000E00000E000CD
:1033A00000E00000E00000E00000C00000000000BD
:1033B000800003C00007E0000FE0000FE0000FE016
:1033C000000FE0000FE0000FE0000FE0000FE00052
:1033D0000FE0000FE0000FE0000FE0000FEFFFF73D
:1033E000DFFFFB3FFFFC3FFFFCC00000E00000E010
:1033F0000000E00000E00000E00000E00000E0006D
:1034000000E00000E00000E00000E00000E000005C
:10341000E00000E00000E00000DFFFF83FFFFC9F5D
:10342000FFFBC00007E0000FE0000FE0000FE0002E
:103430000FE0000FE0000FE0000FE0000FE0000FD2
:10344000E0000FE0000FE0000FE0000FE00007C019
:10345000000337FFFFFFFFFFFFF73000000300000E
:103460000700000F00000F00000F00000F00000F0A
:1034700000000F00000F00000F00000F00000F0001
:10348000000F00000F00000F000007000003000005
:1034900000800003C00007E0000FE0000FE0000F15
:1034A000E0000FE0000FE0000FE0000FE0000FE091
:1034B000000FE0000FE0000FE0000FE0000FEFFF53
:1034C000F7DFFFFB3FFFFC3FFFFC3FFFFC3FFFFC44
:1034D000DFFFF8EFFFF0E00000E00000E00000E0B8
:1034E0000000E00000E00000E00000E00000E0007C
:1034F00000E00000E00000E00000E00000E000006C
:10350000DFFFF83FFFFC9FFFFBC00007E0000FE07C
:10351000000FE0000FE0000FE0000FE0000FE00000
:103520000FE0000FE0000FE0000FE0000FE0000FE1
:10353000E0000FE00007C00003C0000380000E00A1
:1035400000380000E0000380000E0000380000E0BA
:10355000000380000E0000380000E0000380000E31
:103560000000380000C0000000000800003000002B
:10357000E0000380000E0000380000E0000380003F
:103580000E0000380000E0000380000E000038004C
:1035900000E00003BFFFCDFFFF8FFFFF3FFFFC3FB9
:1035A000FFFC3FFFFCDFFFFBEFFFF7E0000FE00059
:1035B0000FE0000FE0000FE0000FE0000FE0000F51
:1035C000E0000FE0000FE0000FE0000FE0000FE070
:1035D000000FE00007C00003000000800003C000EF
:1035E00007E0000FE0000FE0000FE0000FE0000F29
:1035F000E0000FE0000FE0000FE0000FE0000FE040
:10360000000FE0000FE0000FE00007C000031FFF05
:10361000F83FFFFC9FFFFBC00007E0000FE0000F3A
:10362000E0000FE0000FE0000FE0000FE0000FE00F
:10363000000FE0000FE0000FE0000FE0000FE000DF
:103640000FE00007C000031FFFF83FFFFC9FFFFBD8
:10365000C00007E0000FE0000FE0000FE0000FE007
:10366000000FE0000FE0000FE0000FE0000FE000AF
:103670000FE0000FE0000FE0000FEFFFF7DFFFFBB0
:103680003FFFFC3FFFFC3FFFFC3FFFFCDFFFFBEF8A
:10369000FFF7E0000FE0000FE0000FE0000FE00098
:1036A0000FE0000FE0000FE0000FE0000FE0000F60
:1036B000E0000FE0000FE0000FE00007DFFFFB3F3E
:1036C000FFFC9FFFF8C00000E00000E00000E00009
:1036D00000E00000E00000E00000E00000E000008A
:1036E000E00000E00000E00000E00000E00000E09A
:1036F0000000C000003FFFFC3FFFFCDFFFFBEFFFCF
:10370000F7E0000FE0000FE0000FE0000FE0000F17
:10371000E0000FE0000FE0000FE0000FE0000FE01E
:10372000000FE0000FE0000FE00007DFFFFB3FFFAE
:10373000FC1FFFFB00000700000F00000F00000F40
:1037400000000F00000F00000F00000F00000F002E
:10375000000F00000F00000F00000F00000F00001E
:10376000070000031FFFF8FFFFF9FFFFB00000E0B4
:10377000000380000E0000380000E0000380000E0F
:103780000000380000E0000380000E000038000058
:10379000E0000380000C000000C00000E00000E03A
:1037A0000000E00000E00000E00000E00000E000B9
:1037B00000E00000E00000E00000E00000E00000A9
:1037C000E00000E00000E00000DFFFF83FFFFC1F2A
:1037D000FFFB00000700000F00000F00000F0000BB
:1037E0000F00000F00000F00000F00000F00000F7F
:1037F00000000F00000F00000F00000F0FFFF71F69
:10380000FFFB3FFFFC3FFFFCC0000380000E0000F9
:10381000380000E0000380000E0000380000E000E7
:103820000380000E0000380000E0000380000E005E
:1038300000380000DFFFF8FFFFF9FFFFB00000E0F5
:10384000000380000E0000380000E0000380000E3E
:103850000000380000E0000380000E000038000087
:10386000E00003BFFFCDFFFF8FFFFF3FFFFC8000A5
:1038700003C00007E0000FE0000FE0000FE0000FC2
:10388000E0000FE0000FE0000FE0000FE0000FE0AD
:10389000000FE0000FE0000FE0000FEFFFF7DFFF89
:1038A000FB3FFFFC3FFFFCC00003E00007E0000F10
:1038B000E0000FE0000FE0000FE0000FE0000FE07D
:1038C000000FE0000FE0000FE0000FE0000FE0004D
:1038D0000FE0000FE00007C00003000000800003BD
:1038E000C00007E0000FE0000FE0000FE0000FE075
:1038F000000FE0000FE0000FE0000FE0000FE0001D
:103900000FE0000FE0000FE0000FEFFFF7DFFFFB1D
:103910003FFFFC3FFFFCC00003E00007E0000FE0BA
:10392000000FE0000FE0000FE0000FE0000FE000EC
:103930000FE0000FE0000FE0000FE0000FE0000FCD
:10394000E0000FE00007DFFFFB3FFFFC9FFFFBC035
:103950000007E0000FE0000FE0000FE0000FE000C4
:103960000FE0000FE0000FE0000FE0000FE0000F9D
:10397000E0000FE0000FE0000FEFFFF7DFFFFB3F7D
:10398000FFFC3FFFFCC00003E00007E0000FE00089
:103990000FE0000FE0000FE0000FE0000FE0000F6D
:1039A000E0000FE0000FE0000FE0000FE0000FE08C
:1039B000000FE00007DFFFFB3FFFFC9FFFFBC000A5
:1039C00007E0000FE0000FE0000FE0000FE0000F45
:1039D000E0000FE0000FE0000FE0000FE0000FE05C
:1039E000000FE0000FE0000FE00007C00003C00080
:1039F00003E00007E0000FE0000FE0000FE0000F21
:103A0000E0000FE0000FE0000FE0000FE0000FE02B
:103A1000000FE0000FE0000FE0000FE00007DFFF05
:103A2000FB3FFFFC1FFFFB00000700000F00000F23
:103A300000000F00000F00000F00000F00000F003B
:103A4000000F00000F00000F00000F00000F00002B
:103A50000F0FFFF71FFFFB3FFFFC3FFFFC3FFFFC8B
:103A60003FFFFC1FFFFB0FFFF700000F00000F00E0
:103A7000000F00000F00000F00000F00000F0000FB
:103A80000F00000F00000F00000F00000F00000FDC
:103A9000000007000003000000800000C00000E0FC
:103AA0000000E00000E00000E00000E00000E000B6
:103AB00000E00000E00000E00000E00000E00000A6
:103AC000E00000E00000EFFFF0DFFFF83FFFFC3F09
:103AD000FFFCFFE0180601806018060180601806F0
:103AE00001806018060180601806018060180601D8
:103AF000807FF0FFE01806018060180601806018E2
:103B000006018060180601806018060180601806B2
:103B100001807FF0FFE018060180601806018060D8
:103B20001806018060180601806018060180601880
:103B30000601807FF0FFE018060180601806018012
:103B40006018060180601806018060180601806018
:103B5000180601807FF03FFFC7FFFEFFFFFFFFFF5A
:103B6000FFE01806018060180601806018060180D9
:103B70006018060180601806018060180601807FC9
:103B8000F03FFFFC3FFFFCDFFFFBEFFFF7E0000F24
:103B9000E0000FE0000FE0000FE0000FE0000FE09A
:103BA000000FE0000FE0000FE0000FE0000FE0006A
:103BB0000FE0000FE00007DFFFFB3FFFFC9FFFFB74
:103BC000C00007E0000FE0000FE0000FE0000FE092
:103BD000000FE0000FE0000FE0000FE0000FE0003A
:103BE0000FE0000FE0000FE0000FE00007C000034F
:103BF000C00000E00000E00000E00000E00000E0A5
:103C00000000E00000E00000E00000E00000E00054
:103C100000E00000E00000E00000E00000E0000044
:103C2000DFFFF83FFFFC9FFFFBC00007E0000FE055
:103C3000000FE0000FE0000FE0000FE0000FE000D9
:103C40000FE0000FE0000FE0000FE0000FE0000FBA
:103C5000E0000FEFFFF7DFFFFB3FFFFC3FFFFC1F24
:103C6000FFF8FFFFF9FFFFB00000E0000380000E47
:103C70000000380000E0000380000E000038000063
:103C8000E0000380000E0000380000E00003BFFFEA
:103C9000CDFFFF8FFFFF3FFFFC0000030000070088
:103CA000000F00000F00000F00000F00000F0000C9
:103CB0000F00000F00000F00000F00000F00000FAA
:103CC00000000F00000F0000071FFFFB3FFFFC9FDD
:103CD000FFFBC00007E0000FE0000FE0000FE00076
:103CE0000FE0000FE0000FE0000FE0000FE0000F1A
:103CF000E0000FE0000FE0000FE0000FEFFFF7DF44
:103D0000FFFB3FFFFC3FFFFC3FFFFCFFFFFDFFFF12
:103D1000BBFFFCE0000380000E0000380000E00064
:103D20000380000E0000380000E0000380000E0059
:103D300000380000E0000380000DFFFF8FFFFF9FB1
:103D4000FFFB00000E0000380000E0000380000EC2
:103D50000000380000E0000380000E000038000082
:103D6000E0000380000E00003BFFFCDFFFF8FFFFD8
:103D7000F3FFFFC03FFFFCFFFFFDFFFFBBFFFCE0C9
:103D8000000380000E0000380000E0000380000EF9
:103D90000000380000E0000380000E000038000042
:103DA000E0000380000DFFFF8FFFFF9FFFFB00007F
:103DB0000E0000380000E0000380000E0000380014
:103DC00000E0000380000E0000380000E0000380E7
:103DD000000E0000380000C000003FFFFC3FFFFC69
:103DE000DFFFF8EFFFF0E00000E00000E00000E09F
:103DF0000000E00000E00000E00000E00000E00063
:103E000000E00000E00000E00000E00000E0000052
:103E1000C00000000000800003C00007E0000FE0C9
:103E2000000FE0000FE0000FE0000FE0000FE000E7
:103E30000FE0000FE0000FE0000FE0000FE0000FC8
:103E4000E0000FEFFFF7DFFFFB3FFFFC3FFFFCC091
:103E50000000E00000E00000E00000E00000E00002
:103E600000E00000E00000E00000E00000E00000F2
:103E7000E00000E00000E00000E00000E00000DF03
:103E8000FFF83FFFFC9FFFFBC00007E0000FE000D2
:103E90000FE0000FE0000FE0000FE0000FE0000F68
:103EA000E0000FE0000FE0000FE0000FE0000FE087
:103EB000000FE00007C0000337FFFFFFFFFFFFF721
:103EC0003000000300000700000F00000F00000F8B
:103ED00000000F00000F00000F00000F00000F0097
:103EE000000F00000F00000F00000F00000F000087
:103EF00007000003000000800003C00007E0000F7F
:103F0000E0000FE0000FE0000FE0000FE0000FE026
:103F1000000FE0000FE0000FE0000FE0000FE000F6
:103F20000FE0000FEFFFF7DFFFFB3FFFFC3FFFFC61
:103F30003FFFFC3FFFFCDFFFF8EFFFF0E00000E099
:103F40000000E00000E00000E00000E00000E00011
:103F500000E00000E00000E00000E00000E0000001
:103F6000E00000E00000DFFFF83FFFFC9FFFFBC028
:103F70000007E0000FE0000FE0000FE0000FE0009E
:103F80000FE0000FE0000FE0000FE0000FE0000F77
:103F9000E0000FE0000FE0000FE00007C00003C0EA
:103FA000000380000E0000380000E0000380000ED7
:103FB0000000380000E0000380000E000038000020
:103FC000E0000380000E0000380000C00000000088
:103FD000080000300000E0000380000E0000380000
:103FE00000E0000380000E0000380000E0000380C5
:103FF000000E0000380000E00003BFFFCDFFFF8F80
:10400000FFFF3FFFFC3FFFFC3FFFFCDFFFFBEFFF3D
:10401000F7E0000FE0000FE0000FE0000FE0000FFE
:10402000E0000FE0000FE0000FE0000FE0000FE005
:10403000000FE0000FE0000FE00007C000030000E9
:1040400000800003C00007E0000FE0000FE0000F59
:10405000E0000FE0000FE0000FE0000FE0000FE0D5
:10406000000FE0000FE0000FE0000FE0000FE000A5
:1040700007C000031FFFF83FFFFC9FFFFBC00007C6
:10408000E0000FE0000FE0000FE0000FE0000FE0A5
:10409000000FE0000FE0000FE0000FE0000FE00075
:1040A0000FE0000FE0000FE00007C000031FFFF863
:1040B0003FFFFC9FFFFBC00007E0000FE0000FE0A8
:1040C000000FE0000FE0000FE0000FE0000FE00045
:1040D0000FE0000FE0000FE0000FE0000FE0000F26
:1040E000EFFFF7DFFFFB3FFFFC3FFFFC3FFFFC3F25
:1040F000FFFCDFFFFBEFFFF7E0000FE0000FE00049
:104100000FE0000FE0000FE0000FE0000FE0000FF5
:10411000E0000FE0000FE0000FE0000FE0000FE014
:104120000007DFFFFB3FFFFC9FFFF8C00000E0003F
:1041300000E00000E00000E00000E00000E000001F
:10414000E00000E00000E00000E00000E00000E02F
:104150000000E00000E00000C000003FFFFC3FFF67
:10416000FCDFFFFBEFFFF7E0000FE0000FE0000FC8
:10417000E0000FE0000FE0000FE0000FE0000FE0B4
:10418000000FE0000FE0000FE0000FE0000FE00084
:1041900007DFFFFB3FFFFC1FFFFB00000700000FD6
:1041A00000000F00000F00000F00000F00000F00C4
:1041B000000F00000F00000F00000F00000F0000B4
:1041C0000F00000F0000070000031FFFF8FFFFF9BA
:1041D000FFFFB00000E0000380000E000038000088
:1041E000E0000380000E0000380000E000038000C3
:1041F0000E0000380000E0000380000C000000C04A
:104200000000E00000E00000E00000E00000E0004E
:1042100000E00000E00000E00000E00000E000003E
:10422000E00000E00000E00000E00000E00000DF4F
:10423000FFF83FFFFC1FFFFB00000700000F00001E
:104240000F00000F00000F00000F00000F00000F14
:1042500000000F00000F00000F00000F00000F0013
:10426000000F0FFFF71FFFFB3FFFFC3FFFFCC000ED
:104270000380000E0000380000E0000380000E0004
:1042800000380000E0000380000E0000380000E06D
:10429000000380000E0000380000DFFFF8FFFFF988
:1042A000FFFFB00000E0000380000E0000380000B7
:1042B000E0000380000E0000380000E000038000F2
:1042C0000E0000380000E00003BFFFCDFFFF8FFFAE
:1042D000FF3FFFFC800003C00007E0000FE0000F7D
:1042E000E0000FE0000FE0000FE0000FE0000FE043
:1042F000000FE0000FE0000FE0000FE0000FE00013
:104300000FEFFFF7DFFFFB3FFFFC3FFFFCC00003A9
:10431000E00007E0000FE0000FE0000FE0000FE01A
:10432000000FE0000FE0000FE0000FE0000FE000E2
:104330000FE0000FE0000FE0000FE00007C00003F7
:10434000000000800003C00007E0000FE0000FE065
:10435000000FE0000FE0000FE0000FE0000FE000B2
:104360000FE0000FE0000FE0000FE0000FE0000F93
:10437000EFFFF7DFFFFB3FFFFC3FFFFCC00003E068
:104380000007E0000FE0000FE0000FE0000FE0008A
:104390000FE0000FE0000FE0000FE0000FE0000F63
:1043A000E0000FE0000FE0000FE00007DFFFFB3F41
:1043B000FFFC9FFFFBC00007E0000FE0000FE000E4
:1043C0000FE0000FE0000FE0000FE0000FE0000F33
:1043D000E0000FE0000FE0000FE0000FE0000FEF43
:1043E000FFF7DFFFFB3FFFFC3FFFFCC00003E000E7
:1043F00007E0000FE0000FE0000FE0000FE0000F0B
:10440000E0000FE0000FE0000FE0000FE0000FE021
:10441000000FE0000FE0000FE00007DFFFFB3FFFB1
:10442000FC9FFFFBC00007E0000FE0000FE0000F63
:10443000E0000FE0000FE0000FE0000FE0000FE0F1
:10444000000FE0000FE0000FE0000FE0000FE000C1
:1044500007C00003C00003E00007E0000FE0000F0A
:10446000E0000FE0000FE0000FE0000FE0000FE0C1
:10447000000FE0000FE0000FE0000FE0000FE00091
:104480000FE00007DFFFFB3FFFFC1FFFFB00000703
:1044900000000F00000F00000F00000F00000F00D1
:1044A000000F00000F00000F00000F00000F0000C1
:1044B0000F00000F00000F0FFFF71FFFFB3FFFFC77
:1044C0003FFFFC3FFFFC3FFFFC1FFFFB0FFFF70020
:1044D000000F00000F00000F00000F00000F000091
:1044E0000F00000F00000F00000F00000F00000F72
:1044F00000000F00000F0000070000030000008014
:104500000000C00000E00000E00000E00000E0006B
:1045100000E00000E00000E00000E00000E000003B
:10452000E00000E00000E00000E00000EFFFF0DF4E
:10453000FFF83FFFFC3FFFFCFFE01806018060181A
:104540000601806018060180601806018060180668
:10455000018060180601807FF0FFE018060180608E
:104560001806018060180601806018060180601836
:1045700006018060180601807FF0FFE018060180C8
:1045800060180601806018060180601806018060CE
:104590001806018060180601807FF0FFE018060110
:1045A000806018060180601806018060180601808E
:1045B000601806018060180601807FF0000000008E
:1045C0000500010000020D0602F4040005040601C6
:1045D000F407000A0C0A00F5160009100A01F32876
:1045E00000100D1001F442000B0D0C01F4540002F8
:1045F000040401F4550004110601F45E00041106E0
:1046000001F4670005050701F46B0006080B03F9C8
:1046100071000204050200720004010601FC73002F
:1046200002010501007400050D0500F47D00080D70
:104630000A01F48A00040D0A03F49100090D0A012D
:10464000F4A000080D0A01F4AD00070D0A02F4B948
:1046500000090D0A01F4C800090D0A01F4D7000889
:104660000D0A00F4E400090D0A01F4F300080D0A34
:1046700001F40001020A0501F70301030C0501F82A
:10468000080109090B01F8130109040B01FB1801CA
:1046900009090B01F82301090D0A01F43201111077
:1046A0001201F454010C0D0C00F468010B0D0C0107
:1046B000F47A010B0D0D01F48C010B0D0D01F49E2C
:1046C00001090D0B01F4AD01080D0B01F4BA010C49
:1046D0000D0E01F4CE010B0D0D01F4E001020D05EC
:1046E00002F4E401070D0A01F4F0010B0D0C01F4D2
:1046F0000202080D0A01F40F020D0D0F01F425024C
:104700000B0D0D01F437020D0D0E01F44D020A0DD3
:104710000C01F45E020D0E0E01F475020C0D0D017C
:10472000F489020A0D0C01F49A02090D0B01F4A997
:10473000020B0D0D01F4BB020B0D0C00F4CD0211A8
:104740000D1100F4E9020C0D0C00F4FD020C0D0C2F
:1047500000F411030A0D0B01F4220303110501F407
:104760002903050D0500F4320303110500F4390394
:1047700007070801F440030A010A00034203040387
:104780000500F44403090A0A01F75003090D0A0160
:10479000F45F03080A0901F76903080D0A01F476BA
:1047A00003080A0A01F78003040D0501F4870308D2
:1047B0000E0A01F79503080D0A01F4A203020D0485
:1047C00001F4A60304110400F4AF03090D0901F478
:1047D000BE03020D0401F4C2030D0A0F01F7D30357
:1047E000080A0A01F7DD03080A0A01F7E703090DC1
:1047F0000A01F7F603080D0A01F70304050A06018A
:10480000F70A04080A0901F71404040C0501F51A53
:1048100004080A0A01F72404090A0900F730040D04
:104820000A0D00F74104080A0900F74B04090E09B4
:1048300000F75B04070A0901F7640404110601F498
:104840006D0402110402F4720404110601F47B04E5
:1048500007030901F9FFFFF8C0DEF720098641913F
:10486000FF1304C320C8FF89826190101F14DA3D32
:104870001E8340781708F47A3533F040203810EC66
:1048800020C620C640C6406C803900013C02770239
:104890006304630477083C0E0660CC1981E0180FAE
:1048A0000336C2D8730631E3C4FE13266CCCCCC4E5
:1048B0006623108C4663333332664C80257EA50018
:1048C00030C33F30C30CD6F0C008442110844211DD
:1048D00008003C6642C3C3C3C3C3C3C342663C11A2
:1048E0003F33333333303E31B07830181C1C1C1842
:1048F00018100807F83C66C3C303061C0703C3C3AC
:10490000663C0C187162C9A346FE183060C07F2057
:1049100010080807F38C030180F06C63E01E3198E7
:10492000780C06F38D83C1E0D06C63E0FF030206D0
:10493000040C081818181030303E31B0783C1B18A1
:10494000F8C6C1E0F06C63E03C66C2C3C3C3673B1A
:104950000303C2663CC00030C0000064A00081C7F1
:104960008E0C0780700E0180FF80001FF000700E1B
:1049700001C0183871C080003E31B0783018183846
:1049800018180C0000018003F0060E060186006670
:104990001DBB31CF18C79863CC31E611B399CCF762
:1049A000860001800070400FE00600F00F009019B3
:1049B000819810830C3FC204606606C030FF183334
:1049C00003606C0D833FC606C0780F01E06FF81FCF
:1049D000861981A03C0180300600C0680D831861F3
:1049E000F0FF183303603C0780F01E03C0780F030C
:1049F00060CFF0FFE030180C0603FD80C060301877
:104A00000FF8FFC0C0C0C0C0FEC0C0C0C0C0C00F53
:104A1000830E606603C00C00C1FC03C036036073E4
:104A20000F0F10C0780F01E03C0780FFFE03C07835
:104A30000F01E03C06FFFFFFC0060C183060C18389
:104A4000078F1E2780C0D8330C630CC1B83F0730D6
:104A5000C3186306606C0CC0C0C0C0C0C0C0C0C07A
:104A6000C0C0C0FFE03F01FC1FE0FD05EC6F6379B3
:104A700013CD9E6CF1478E3C7180E07C0FC1E83D08
:104A80008798F11E33C3786F07E07C0E0F8183187F
:104A90000CC06C01E00F007803C01B01980C60C0D3
:104AA000F800FF306C0F03C0F06FF300C0300C0350
:104AB00000C0000F8183180CC06C01E00F00780368
:104AC000C01B01986C60C0FB0008FF8C0EC06C0618
:104AD000C06C0CFF8C0EC06C06C06C06C0703F181A
:104AE0006C0F03C01E01F00E00F03C0D863F00FF6E
:104AF00086030180C06030180C06030180C0C078B6
:104B00000F01E03C0780F01E03C0780F01B061F098
:104B1000C06C0D8110630C610460CC1901603C070E
:104B20000060C18130E19870CC286626211330C81E
:104B3000986C4C14340A1A07070303808180606361
:104B40000C30C1980F00E00600F019019830C60E35
:104B50006060C0360630C30C1981D80F00600600B3
:104B6000600600600600FFC060300C060301C060F4
:104B70003018060300FFC0FB6DB6DB6DB6E0841095
:104B800084108410841080EDB6DB6DB6DBE03060FD
:104B9000A244D8A180FFC0C6307E71B0C060F3DBF4
:104BA0000D86C73DC0C060301BCE360F0783C1E005
:104BB000F07C6DE03C66C3C0C0C0C0C3663C03036C
:104BC000033B67C3C3C3C3C3C3673B3C66C3C3FFE5
:104BD000C0C0C3663C366F66666666603B67C3C32B
:104BE000C3C3C3C3673B0303C67CC0C0C0DEE3C30B
:104BF000C3C3C3C3C3C3C3C3FFFFC0300333333313
:104C0000333333E0C06030184C466361F0EC6231FE
:104C1000986C30FFFFFFC0DEF71CF0C7863C31E127
:104C20008F0C7863C31E18C0DEE3C3C3C3C3C3C302
:104C3000C3C33C66C3C3C3C3C3C3663CDE71B078A1
:104C40003C1E0F0783E36F30180C003B67C3C3C3E0
:104C5000C3C3C3673B030303DF318C6318C6003E45
:104C6000E3C0C0E03C07C3E37E66F666666667C3E2
:104C7000C3C3C3C3C3C3C3C77BC1A098CC4221B0C5
:104C8000D0281C0C00C61E3891C4CA66D316D0A604
:104C9000871C38C0C6004362361C181C3C26624381
:104CA000C12198CC4261B0D0381C0C06030103002E
:104CB000FE0C30C1861820C1FC3666666ECE666674
:104CC0006630FFFFFFFFC0C666666737666666C070
:104CD00061243800000101060000010001011800F4
:104CE00000020008130B01EE150008130B01EE285B
:104CF0000008130B01EE3B0008130B01EE4E0008F9
:104D0000130B01EE610008130B01EE740008130B86
:104D100001EE870008130B01EE9A0008130B01EE59
:104D2000AD0008130B01EEC00008130B01EED30019
:104D30000F031804F1D900040400FEFDDB00081382
:104D40000B01EEEE00121D1803E43001031B1812D4
:104D5000E53B01121D1803E47D01111D1804E4BB9D
:104D600001121B1803E5F801121D1803E43A0212A0
:104D70001D1803E47C02121C1803E4BB02121D1868
:104D800003E4FD02121D1803E43F0304100601EBC7
:104D9000470308130B01EE5A0308130B01EE6D03D2
:104DA00008130B01EE800308130B01EE93030813A5
:104DB0000B01EEA60308130B01EEB903121C180336
:104DC000E4F803121C1803E5370410101803F15718
:104DD00004121C1803E59604101D1803E4D00410F7
:104DE0001C1803E40805121D1803E44A05121B18D9
:104DF00003E58705030D1812F38C05121C1803E553
:104E0000CB05121C1803E40A06101C1803E5420621
:104E1000121C1803E48106120F1803F1A3061210E6
:104E20001803F1C706121C1803E40607121C180326
:104E3000E44507100F1803F16307121C1803E5A2DD
:104E400007101C1803E5DA07120E1803F3FA07120D
:104E50001C1803E53908121C1803E57808121B1802
:104E600003E5B508121C1803E5F408121D1803E445
:104E7000360908130B01EE490908130B01EE5C0912
:104E800008130B01EE6F0908130B01EE82090F03E3
:104E90001804FE880908130B01EE9B09121C180365
:104EA000E4DA09121C1803E5190A10101803F13985
:104EB0000A121C1803E5780A101D1803E4B20A1040
:104EC0001C1803E4EA0A121D1803E42C0B121B1829
:104ED00003E5690B030D1812F36E0B121C1803E5A2
:104EE000AD0B121C1803E4EC0B101C1803E5240C8A
:104EF000121C1803E4630C120F1803F1850C121036
:104F00001803F1A90C121C1803E4E80C121C180376
:104F1000E4270D100F1803F1450D121C1803E5844A
:104F20000D101C1803E5BC0D120E1803F3DC0D1256
:104F30001C1803E51B0E121C1803E55A0E121B1851
:104F400003E5970E121C1803E5D60E121D1803E494
:104F5000180F08130B01EE2B0F08130B01EE3E0F79
:104F600008130B01EE510F08130B01EE0000FF8137
:104F70008181818181818181818181818181818121
:104F8000FFFF818181818181818181818181818115
:104F9000818181FFFF818181818181818181818105
:104FA000818181818181FFFF8181818181818181F5
:104FB000818181818181818181FFFF8181818181E5
:104FC000818181818181818181818181FFFF8181D5
:104FD000818181818181818181818181818181FF43
:104FE000FF81818181818181818181818181818133
:104FF0008181FFFF818181818181818181818181A5
:105000008181818181FFFF81818181818181818194
:105010008181818181818181FFFF81818181818184
:105020008181818181818181818181FFFF81818174
:105030008181818181818181818181818181FF7FE4
:10504000FDFFFDFFF00FF6FF81818181818181816C
:10505000818181818181818181FF3FFF0FFFCDFFB0
:10506000EF8007E001F8007E001F8007E001F800F4
:105070007E001F8007C001E0003000020003C00175
:10508000F8007E001F8007E001F8007E001F800707
:10509000E001F8007DFFECFFFC3FFF000FFFFFFF8A
:1050A000F61FFFFFFFEC003FFF0FFFC1FFEC000703
:1050B0000001C00070001C00070001C00070001C4F
:1050C00000070001CFFFB7FFF2FFF8C00038000E65
:1050D00000038000E00038000E00038000E000388C
:1050E000000DFFE0FFFC3FFF007FFE3FFF0FFF6072
:1050F00000700038001C000E000700038001C00093
:10510000E00070003BFFEFFFF8FFFB00038001C0F1
:1051100000E000700038001C000E00070003800152
:10512000CFFF6FFFC7FFE0000030003E001F800789
:10513000E001F8007E001F8007E001F8007E001FFC
:105140000007BFFEDFFFC3FFEC00070001C00070D7
:10515000001C00070001C00070001C00070001C017
:10516000003000003FFF0FFFCDFFE38000E000387C
:10517000000E00038000E00038000E00038000C035
:10518000002FFF87FFF0FFFB0001C00070001C0034
:10519000070001C00070001C00070001C00071FF83
:1051A000ECFFFC3FFF003FFF0FFFCDFFE38000E07F
:1051B0000038000E00038000E00038000E0003807D
:1051C00000C0002FFF87FFF2FFFBC001F8007E0048
:1051D0001F8007E001F8007E001F8007E001F80053
:1051E0007DFFECFFFC3FFF003FFF0FFFCDFFEF8097
:1051F00007E001F8007E001F8007E001F8007E0054
:105200001F8007C001E00030000000030001C00063
:1052100070001C00070001C00070001C00070001A6
:10522000C00070000C00003FFF0FFFCDFFEF8007B4
:10523000E001F8007E001F8007E001F8007E001FFB
:105240008007C001EFFFB7FFF2FFFBC001F8007E4F
:10525000001F8007E001F8007E001F8007E001F8D2
:10526000007DFFECFFFC3FFF003FFF0FFFCDFFEF96
:105270008007E001F8007E001F8007E001F8007E53
:10528000001F8007C001EFFFB7FFF0FFFB0001C068
:105290000070001C00070001C00070001C00070027
:1052A00001C00071FFECFFFC3FFF006FF600000043
:1052B000006FF6FF8181818181818181818181817E
:1052C0008181818181FFFF818181818181818181D2
:1052D0008181818181818181FFFF818181818181C2
:1052E0008181818181818181818181FFFF818181B2
:1052F0008181818181818181818181818181FFFFA2
:10530000818181818181818181818181818181818D
:1053100081FFFF8181818181818181818181818181
:1053200081818181FF3FFF0FFFCDFFEF8007E0010B
:10533000F8007E001F8007E001F8007E001F800754
:10534000C001EFFFB7FFF2FFFBC001F8007E001FB6
:105350008007E001F8007E001F8007E001F8007C74
:10536000000C0000000030000E00038000E0003858
:10537000000E00038000E00038000E00030000BFB4
:10538000FE1FFFCBFFEF0007E001F8007E001F804B
:1053900007E001F8007E001F8007E001F7FFB3FF80
:1053A000F0FFFC3FFE7FFFBFFEC000E000E000E03A
:1053B00000E000E000E000E000E000E000DFFE3F91
:1053C000FF3FFF0000000030001C00070001C0008C
:1053D00070001C00070001C00070001C00073FFEA9
:1053E000DFFFCBFFEF0007E001F8007E001F800722
:1053F000E001F8007E001F8007E001F7FFB3FFF037
:10540000FFFC3FFF3FFFDFFEE000E000E000E000C8
:10541000E000E000E000E000E000C000BFFE7FFF31
:10542000BFFEC000E000E000E000E000E000E000BF
:10543000E000E000E000DFFE3FFF3FFF3FFF3FFFF7
:10544000DFFEE000E000E000E000E000E000E0005F
:10545000E000E000C000BFFE7FFFBFFEC000E00034
:10546000E000E000E000E000E000E000E000E0003C
:10547000C00000003FFF0FFFCDFFE38000E00038D9
:10548000000E00038000E00038000E00038000C022
:105490000020000000020003C001F8007E001F8011
:1054A00007E001F8007E001F8007E001F8007DFFA3
:1054B000ECFFFC3FFF00000030000E00038000E026
:1054C0000038000E00038000E00038000E000300EA
:1054D00000BFFE1FFFCBFFEF0007E001F8007E00DA
:1054E0001F8007E001F8007E001F8007E001F00048
:1054F0003000007FFFFFFFB00000000030001C0004
:10550000070001C00070001C00070001C00070000F
:105510001C00070000C00008000F0007E001F800B1
:105520007E001F8007E001F8007E001F8007E00179
:10553000F7FFB3FFF0FFFC3FFF0FFFCDFFE380005D
:10554000E00038000E00038000E00038000E000389
:105550008000C0002FFF87FFF2FFFBC001F8007E34
:10556000001F8007E001F8007E001F8007E001F8BF
:10557000007C000C00000000C000E000E000E00043
:10558000E000E000E000E000E000E000C00080009B
:1055900000008000C000E000E000E000E000E0006B
:1055A000E000E000E000E000DFFE3FFF3FFF3FFFE4
:1055B0000FFFCDFFEF8007E001F8007E001F80079E
:1055C000E001F8007E001F8007C001E0003000020B
:1055D0000003C001F8007E001F8007E001F8007E94
:1055E000001F8007E001F8007C000C00003FFE1F58
:1055F000FFCBFFEF0007E001F8007E001F8007E00F
:1056000001F8007E001F8007E001F0003000003F3D
:10561000FE1FFFCBFFEF0007E001F8007E001F80B8
:1056200007E001F8007E001F8007E001F7FFB3FFED
:10563000F0FFFC3FFF0FFFCDFFEF8007E001F80018
:105640007E001F8007E001F8007E001F8007C00178
:10565000EFFFB7FFF2FFF8C00038000E0003800034
:10566000E00038000E00038000E00038000C00006D
:1056700000003FFF0FFFCDFFEF8007E001F8007E45
:10568000001F8007E001F8007E001F8007C001EFC7
:10569000FFB7FFF0FFFB0001C00070001C00070017
:1056A00001C00070001C00070001C00070000C0069
:1056B000003FFE7FFFBFFEC000E000E000E000E032
:1056C00000E000E000E000E000E000C000000000BA
:1056D0000030000E00038000E00038000E00038060
:1056E00000E00038000E00030000BFFE1FFFC3FFF4
:1056F000EC00070001C00070001C00070001C000A2
:1057000070001C00070001C7FFB3FFF0FFFC0000A2
:10571000C000E000E000E000E000E000E000E000A9
:10572000E000E000C000BFFE7FFFBFFEC000E00061
:10573000E000E000E000E000E000E000E000E00069
:10574000DFFE3FFF3FFF8000F0007E001F8007E08C
:1057500001F8007E001F8007E001F8007E001F7F37
:10576000FB3FFF0FFFC0000030003E001F8007E03E
:1057700001F8007E001F8007E001F8007E001F0096
:10578000078000C00008000F0007E001F8007E005D
:105790001F8007E001F8007E001F8007E001F7FF8F
:1057A000B3FFF0FFFC000030003E001F8007E00167
:1057B000F8007E001F8007E001F8007E001F000750
:1057C000BFFEDFFFCBFFEF0007E001F8007E001F08
:1057D0008007E001F8007E001F8007E001F7FFB3BB
:1057E000FFF0FFFC000030003E001F8007E001F8E2
:1057F000007E001F8007E001F8007E001F0007BF49
:10580000FEDFFFCBFFEF0007E001F8007E001F8006
:1058100007E001F8007E001F8007E001F000300083
:1058200000000030003E001F8007E001F8007E000D
:105830001F8007E001F8007E001F0007BFFEDFFFAA
:10584000C3FFEC00070001C00070001C000700014E
:10585000C00070001C00070001C7FFB3FFF0FFFC91
:105860003FFF0FFFC1FFEC00070001C00070001CEC
:1058700000070001C00070001C00070001C00030DC
:1058800000020000C00038000E00038000E0003875
:10589000000E00038000E00038000DFFE0FFFC3F39
:1058A000FF00FF818181818181818181818181816D
:1058B00081818181FFFF81818181818181818181DC
:1058C00081818181818181FFFF81818181818181CC
:1058D00081818181818181818181FFFF81818181BC
:1058E00081818181818181818181818181FF3FFCF1
:1058F000FFFDFFF8FF81818181818181818181812B
:10590000818181818181FF3FFF0FFFCDFFEF800704
:10591000E001F8007E001F8007E001F8007E001F14
:105920008007C001EFFFB7FFF2FFFBC001F8007E68
:10593000001F8007E001F8007E001F8007E001F8EB
:10594000007C000C0000000030000E00038000E02E
:105950000038000E00038000E00038000E00030055
:1059600000BFFE1FFFCBFFEF0007E001F8007E0045
:105970001F8007E001F8007E001F8007E001F7FFAD
:10598000B3FFF0FFFC3FFE7FFFBFFEC000E000E082
:1059900000E000E000E000E000E000E000E000DF08
:1059A000FE3FFF3FFF0000000030001C0007000129
:1059B000C00070001C00070001C00070001C000740
:1059C0003FFEDFFFCBFFEF0007E001F8007E001F86
:1059D0008007E001F8007E001F8007E001F7FFB3B9
:1059E000FFF0FFFC3FFF3FFFDFFEE000E000E000D4
:1059F000E000E000E000E000E000E000C000BFFEEA
:105A00007FFFBFFEC000E000E000E000E000E0003B
:105A1000E000E000E000E000DFFE3FFF3FFF3FFF6F
:105A20003FFFDFFEE000E000E000E000E000E0001B
:105A3000E000E000E000C000BFFE7FFFBFFEC0004E
:105A4000E000E000E000E000E000E000E000E00056
:105A5000E000C00000003FFF0FFFCDFFE38000E04B
:105A60000038000E00038000E00038000E000380C4
:105A700000C00020000000020003C001F8007E000A
:105A80001F8007E001F8007E001F8007E001F8009A
:105A90007DFFECFFFC3FFF00000030000E000380A4
:105AA00000E00038000E00038000E00038000E0027
:105AB000030000BFFE1FFFCBFFEF0007E001F8006F
:105AC0007E001F8007E001F8007E001F8007E001D4
:105AD000F0003000007FFFFFFFB00000000030004A
:105AE0001C00070001C00070001C00070001C0007E
:105AF00070001C00070000C00008000F0007E00154
:105B0000F8007E001F8007E001F8007E001F80077C
:105B1000E001F7FFB3FFF0FFFC3FFF0FFFCDFFE316
:105B20008000E00038000E00038000E00038000E26
:105B300000038000C0002FFF87FFF2FFFBC001F8C9
:105B4000007E001F8007E001F8007E001F8007E054
:105B500001F8007C000C00000000C000E000E00044
:105B6000E000E000E000E000E000E000E000C00055
:105B7000800000008000C000E000E000E000E000E5
:105B8000E000E000E000E000E000DFFE3FFF3FFF5C
:105B90003FFF0FFFCDFFEF8007E001F8007E001F01
:105BA0008007E001F8007E001F8007C001E00030A0
:105BB00000020003C001F8007E001F8007E001F82A
:105BC000007E001F8007E001F8007C000C00003F11
:105BD000FE1FFFCBFFEF0007E001F8007E001F80F3
:105BE00007E001F8007E001F8007E001F0003000B0
:105BF000003FFE1FFFCBFFEF0007E001F8007E0033
:105C00001F8007E001F8007E001F8007E001F7FF1A
:105C1000B3FFF0FFFC3FFF0FFFCDFFEF8007E00178
:105C2000F8007E001F8007E001F8007E001F80075B
:105C3000C001EFFFB7FFF2FFF8C00038000E00030D
:105C40008000E00038000E00038000E00038000C07
:105C5000000000003FFF0FFFCDFFEF8007E001F8DD
:105C6000007E001F8007E001F8007E001F8007C053
:105C700001EFFFB7FFF0FFFB0001C00070001C0048
:105C8000070001C00070001C00070001C000700088
:105C90000C00003FFE7FFFBFFEC000E000E000E020
:105CA00000E000E000E000E000E000E000C00000F4
:105CB00000000030000E00038000E00038000E00FD
:105CC000038000E00038000E00030000BFFE1FFF4D
:105CD000C3FFEC00070001C00070001C00070001BA
:105CE000C00070001C00070001C7FFB3FFF0FFFCFD
:105CF0000000C000E000E000E000E000E000E000A4
:105D0000E000E000E000C000BFFE7FFFBFFEC0007B
:105D1000E000E000E000E000E000E000E000E00083
:105D2000E000DFFE3FFF3FFF8000F0007E001F80AD
:105D300007E001F8007E001F8007E001F8007E0008
:105D40001F7FFB3FFF0FFFC0000030003E001F80A1
:105D500007E001F8007E001F8007E001F8007E00E8
:105D60001F00078000C00008000F0007E001F800D6
:105D70007E001F8007E001F8007E001F8007E00121
:105D8000F7FFB3FFF0FFFC000030003E001F80076C
:105D9000E001F8007E001F8007E001F8007E001F90
:105DA0000007BFFEDFFFCBFFEF0007E001F8007E3A
:105DB000001F8007E001F8007E001F8007E001F768
:105DC000FFB3FFF0FFFC000030003E001F8007E043
:105DD00001F8007E001F8007E001F8007E001F0030
:105DE00007BFFEDFFFCBFFEF0007E001F8007E00FA
:105DF0001F8007E001F8007E001F8007E001F0002F
:105E0000300000000030003E001F8007E001F80075
:105E10007E001F8007E001F8007E001F0007BFFE24
:105E2000DFFFC3FFEC00070001C00070001C00078B
:105E30000001C00070001C00070001C7FFB3FFF0A5
:105E4000FFFC3FFF0FFFC1FFEC00070001C0007027
:105E5000001C00070001C00070001C00070001C00A
:105E6000003000020000C00038000E00038000E097
:105E70000038000E00038000E00038000DFFE0FF56
:105E8000FC3FFF00FF81818181818181818181814E
:105E9000818181818181FFFF8181818181818181F6
:105EA000818181818181818181FFFF8181818181E6
:105EB000818181818181818181818181FFFF8181D6
:105EC000818181818181818181818181818181FF44
:105ED000000000000900010000031A0C04E70A009A
:105EE00009090C01E8150013181300E94E00101EF3
:105EF0001302E68A001D191F01E8E50014191702B4
:105F0000E8240103090702E8280108210C03E749F6
:105F10000108210C01E76A010A0A0E02E777011065
:105F2000101402F1970103090A03FD9B0108030CF9
:105F300002F69E0103040903FDA0010A1A0A00E704
:105F4000C10110191302E8F30108191304E80C0247
:105F500010191302E83E0211191301E87402101916
:105F60001301E8A60211191301E8DC02101913024B
:105F7000E80E0310191302E8400311191301E87623
:105F80000310191301E8A80303130903EEB0030378
:105F9000180903EEB90311111402F0DE03110914FC
:105FA00002F4F20311111402F017040F1A1303E79D
:105FB0004804201F2401E7C404161A1701E70C0542
:105FC000131A1703E74A05161A1901E79205141A5E
:105FD0001803E7D305121A1603E70E06111A150364
:105FE000E74606181A1B01E79406131A1903E7D2AD
:105FF00006031A0A04E7DC060E1A1201E70A071460
:106000001A1803E74B070F1A1403E77C07181A1E28
:1060100003E7CA07141A1A03E70B08191A1B01E74A
:106020005D08121A1703E79808191C1B01E7F0080E
:10603000141A1903E73109141A1701E77209131A20
:106040001601E7B009131A1903E7EE09151A17012B
:10605000E7330A201A2100E79B0A151A1701E7E027
:106060000A171A1800E72B0B131A1601E7690B061B
:10607000210A02E7820B0A1A0A00E7A30B06210A8B
:1060800001E7BC0B0D0D1002E8D20B150213FF0542
:10609000D80B07050901E7DD0B11131301EE060C00
:1060A000101A1402E73A0C10131201EE600C111AC8
:1060B0001401E7980C10131301EEBE0C071A0A0125
:1060C000E7D50C101B1301EE0B0D0F1A1302E73C62
:1060D0000D031A0802E7460D06220900E7600D10BD
:1060E0001A1202E7940D031A0702E79E0D18131CFB
:1060F00002EED70D0F131302EEFB0D11131301EE79
:10610000240E10191402EE560E11191401EE8C0E05
:1061100009130C02EEA20E0E131102EEC40E0717A5
:106120000A01EAD90E0F131302EEFD0E111311002E
:10613000EE260F19131900EE620F10131100EE88EE
:106140000F111B1100EEC20F0F131101EEE60F0825
:10615000210C01E7071002210903E7101008210CA8
:1061600003E731100F071201F1FFFFFFFFFFFFE907
:10617000203FFCE3F1F8FC7E3F1F8E82410001C30B
:10618000803870060E00C1803870070E0FFFF9FFCF
:10619000FF3FFFE0E1C01C3803870070E00C183FB0
:1061A000FFF7FFFEFFFFC1C3803060060C01C38014
:1061B0003870070E00C18003000FC03FF03FF87B2E
:1061C0003CF31CE30EE30EE30EE300E300F3007B7D
:1061D000007F801FF007FC037E030F0307E307E344
:1061E00007E307E30F733E7FFC3FF80FE003000374
:1061F00000030000000C007800E00FF00600FFC074
:1062000070070E07007038380300C38018061C00A2
:10621000E071C003878C001FF8E0007F860001F862
:106220007000000303C000387F800187FE001C3827
:106230007000C381C00E180600E0C030070703805D
:10624000701C380380FFC03803FC0180078001F018
:10625000007F800FFC01E1E01C0E01C0E01C0E017C
:10626000E1E00E3C00778007F0007C000FE003CFF8
:106270001C7879C703DCE01F8E00F8E00F0E007079
:10628000F00F87C3FC7FFDC3FF0E0FC0F0FFFFFAC6
:106290004006060C0C1818383070707060E0E0E0B2
:1062A000E0E0E0E0E0E060707070303818180C0C4E
:1062B0000603C060303038181C0C0E0E0E0607079F
:1062C00007070707070707060E0E0E0C1C183830C5
:1062D0003060C00C0300C3B7FFC781E0EC73884097
:1062E000018001800180018001800180FFFFFFFFAC
:1062F000FFFF018001800180018001800180018019
:10630000FFF6DAC0FFFFFFFFF000C0301806018083
:10631000C0300C06018060300C0300C0601806031A
:1063200000C03018060180C0300007E00FF81FFCE5
:106330003C3C781E700E700EE007E007E007E007B7
:10634000E007E007E007E007E007E007E00F700E76
:10635000700E781E3C3C1FF81FF007E00303070F88
:106360003FFFFF0707070707070707070707070795
:10637000070707070707E01FF83FFC7C3E700FF098
:106380000FE007E00700070007000F001E003C00B9
:10639000F803F007C01F003C00380070006000E008
:1063A00000FFFFFFFFFFFF07F007FE07FF8783C324
:1063B00080F38039C01CE00E0007000F007F003F13
:1063C000001FE00078001E00070003F001F800FE47
:1063D00000770073E0F8FFF83FF807F0000038009E
:1063E00038007800F800F801F803B8033807380ED1
:1063F000381C381838383870386038E038FFFFFFFC
:10640000FFFFFF0038003800380038003800381F20
:10641000FF0FFF8FFFC700038001C000E000700086
:1064200039F03FFE1FFF8F83E700F0003C000E00B5
:106430000700038001C000FC00EF0073C0F0FFF80C
:106440003FF807E00003E00FF81FFC3C1E380E7019
:106450000E70006000E000E3E0EFF8FFFCFC3EF0AF
:106460000EF00FE007E007E0076007700F700E3CCA
:106470003E3FFC1FF807E0FFFFFFFFFFFF000600A5
:106480000E001C001800380070006000E000C00121
:10649000C00180038003800700070007000E000E84
:1064A000000E000C001C001C0007F00FFE0FFF8701
:1064B00083C780F38039C01CE00E780F1E0F07FFE2
:1064C00001FF03FFE3E0F9C01DC00FE003F001F896
:1064D00000FC00F70073E0F8FFF83FF807F0000752
:1064E000E01FF83FFC7C3C700EF00EE006E007E099
:1064F00007E007E00F700F783F3FFF1FF707C70067
:10650000070006000E700E701C783C3FF81FF00765
:10651000C0FFF000000007FF80FFF000000007FF51
:10652000B6D600008003C007E00FC03F807E00FCAD
:1065300001F000E0007C001FC001F8003F8007F080
:10654000007E000F000180FFFFFFFFFFFFE0000063
:1065500000000003FFFFFFFFFFFF80800070003E90
:10656000000FE000FC001FC003F8003F0007800F91
:10657000C01F807F00FC01F803F001C00080000014
:106580000FC07FE1FFE3C3EF01FC01F803F0070058
:106590000E003800F007C01F007C00E003C00700B9
:1065A0000E001C00000000000001C0038007000E68
:1065B000000007F800003FFF0000FFFFC001F80FD8
:1065C000E003E001F0078000F80F00003C1E00002F
:1065D0001E3C03E01E380FF38E781E3F0F70381FED
:1065E0000770780F07E0700E07E0700E07E0E00E0E
:1065F00007E0E01C07E0E01C0EE0E01C0EE0E038E5
:106600001CF070783C7078FC78783FDFF0381F0F12
:10661000C03C0000001F0000000F80000007F00ECB
:106620000001FFFE00007FFE00001FF00000F800E8
:1066300003E0000FC0007F0001DC000778003CE0B1
:1066400000E380038F001E1C00707001C1E00E0388
:1066500080380E00E03C07FFF01FFFE0FFFF83C023
:106660000E0E003C7800F1E001C70007BC001EF0F0
:10667000003B8000F0FFFC1FFFE3FFFE7003CE0035
:106680003DC003B80077000EE001DC0073801E7F80
:10669000FF8FFFF1FFFF3800F7000EE000FC001F46
:1066A0008003F0007E000FC003F800F7FFFCFFFF3F
:1066B0001FFF8000FF000FFF00FFFE07E07C3E0091
:1066C00078F000E78003DC000770000380000E0014
:1066D00000380000E0000380000E0000380000E0F9
:1066E000001DC000770003DE000E3C0078F803C1F7
:1066F000F81F03FFF803FFC003F800FFF80FFFE0E7
:10670000FFFF0E00F8E003CE001CE000EE000EE0FC
:1067100000FE0007E0007E0007E0007E0007E000CA
:106720007E0007E0007E000FE000EE000EE001EECC
:10673000003CE00F8FFFF0FFFE0FFF80FFFFBFFF69
:10674000EFFFFB8000E00038000E00038000E00057
:1067500038000E0003FFFEFFFFBFFFEE00038000C6
:10676000E00038000E00038000E00038000E000357
:10677000FFFFFFFFFFFFF0FFFFFFFFFFFFFC000E2B
:10678000000700038001C000E000700038001FFF18
:10679000CFFFE7FFF38001C000E000700038001C6D
:1067A000000E000700038001C000E0007000000040
:1067B0007F8003FFE007FFF80F80FC1E003E3C00D7
:1067C0000E78000F700007700000E00000E000008D
:1067D000E00000E003FFE003FFE003FFE00007F05C
:1067E000000770000770000F78000F3C001F1E00AC
:1067F0003F0FC0F707FFE703FFC300FF03E000FC04
:10680000001F8003F0007E000FC001F8003F00076A
:10681000E000FC001F8003FFFFFFFFFFFFFFF80009
:106820003F0007E000FC001F8003F0007E000FC067
:1068300001F8003F0007E000FC001CFFFFFFFFFF26
:10684000FFFFFFFFFC001C007001C007001C007070
:1068500001C007001C007001C007001C007001C0CF
:1068600007001F807E01F807E01FC0F7879FFE3FEB
:10687000F03F00E001EE003CE0078E00F0E01E0E6D
:1068800003E0E07C0E0F80E1F00E1E00E3C00E7C02
:1068900000EFE00FCE00F8F00F0780E03C0E03C0E1
:1068A000E01E0E00F0E00F0E0078E003CE003CE0AA
:1068B00001EE000FE001C0038007000E001C00384D
:1068C000007000E001C0038007000E001C003800CB
:1068D0007000E001C0038007000E001C0038007F3C
:1068E000FFFFFFFFFCF8001FF8001FF8001FFC006F
:1068F0003FFC003FFC003FEE0077EE0077EE0077B4
:10690000E700E7E700E7E700E7E381C7E381C7E3E4
:1069100081C7E1C387E1C387E1C387E0E707E0E719
:1069200007E0E707E07E07E07E07E07E07E03C0740
:10693000E03C07F0007F0007F8007FC007FC007F05
:10694000E007EF007E7007E7807E3C07E1C07E1E17
:1069500007E0E07E0F07E0787E0387E03C7E01E7FA
:10696000E00E7E00F7E007FE003FE003FE001FE0C0
:1069700001FE000F007F0001FFF001FFFC01F01F8E
:1069800001E003C1E000F1E0003CE0000E70000710
:10699000700003F80000FC00007E00003F00001FB4
:1069A00080000FC00007E00003B800039C0001CF87
:1069B0000001E3C001E0F001E03E03E00FFFE0036F
:1069C000FFE0003F8000FFFC3FFF8FFFF3803EE0D1
:1069D00003F8007E001F8007E001F8007E003F8082
:1069E0001EFFFF3FFF8FFFC38000E00038000E0056
:1069F000038000E00038000E00038000E000380053
:106A000000007F0001FFF001FFFC01F01F01E00327
:106A1000C1E000F1E0003CE0000E700007700001F2
:106A2000F80000FC00007E00003F00001F80000F07
:106A3000C00007E00007B800039C0001CF0039E365
:106A4000C01FE0F007E03E03F00FFFFC03FFEE0085
:106A50003F83800000C0000020FFFE0FFFF8FFFF13
:106A6000CE003CE001EE000EE000EE000EE000EE95
:106A7000000EE001CE003CFFFF8FFFF0FFFF8E0015
:106A80003CE001EE000EE000EE000EE000EE000E35
:106A9000E000EE000EE000FE000F03FC00FFF01F20
:106AA000FF83E07C3801E7000E7000E70000700013
:106AB0000780003E0001FE000FFE003FF8003FE0AF
:106AC000003E0000F00007E0007E0007F000778045
:106AD0000E7C03E3FFFC1FFF803FC0FFFFFFFFFFB3
:106AE000FFFF8070000E0001C0003800070000E0CA
:106AF000001C0003800070000E0001C00038000779
:106B00000000E0001C0003800070000E0001C000C7
:106B10003800070000E0001C00E000FC001F8003BC
:106B2000F0007E000FC001F8003F0007E000FC000D
:106B30001F8003F0007E000FC001F8003F0007E057
:106B400000FC001F8003F0007F001EF0079F01F192
:106B5000FFFC1FFE007F00E0007F8003FC001CE0C4
:106B600001E7800F3C0070E00787803C1C01C0E01B
:106B70000E0780E01C0700E0380783801C1C00E043
:106B8000E0078E001C7000E38007B8001DC000EE17
:106B90000007E0001F0000F8000380007003C00F32
:106BA0007003C00F7803E00F7803E00E3807E00EA3
:106BB0003807F01E3C07701E3C07701C1C0E701C32
:106BC0001C0E383C1C0E383C1E1E38380E1C383843
:106BD0000E1C1C380E1C1C780F3C1C7007380E70E5
:106BE00007380E7007380E7007700EE003F007E0EC
:106BF00003F007E003F007E003E003C001E003C097
:106C000001E003C0F0007BC0078F00387803C1E0CB
:106C10003C0781C03C1E00F1E0038E001EF0007FA7
:106C20000001F0000F80007C0007F0003B8003DED5
:106C3000003C7801C1C01E0F01E03C0E00E0F007EF
:106C40008F001E7000F78003C0F0003CF00078F069
:106C500001E1E00381E00F01C01C03C07803C1E043
:106C6000078380078F00071C000F78000EE0000FDD
:106C700080001F00001C0000380000700000E000D1
:106C800001C0000380000700000E00001C00003857
:106C9000000070007FFFEFFFFDFFFF8000F0003C71
:106CA000000F8001E00078001E00078000F0003C2B
:106CB000000F0003C00078001E00078001E0007C88
:106CC000000F0003C000F0003E0007FFFFFFFFFFC2
:106CD000FFFCFFFFF8E38E38E38E38E38E38E38E57
:106CE00038E38E38E38E38E38FFFFCC03006018036
:106CF000600C0300C018060180200C030040180639
:106D00000180300C030060180600C030FFFFC71C74
:106D100071C71C71C71C71C71C71C71C71C71C715E
:106D2000C71C7FFFFC07007803C03F01D80CE0E3DD
:106D3000061C70E383181DC06C0380FFFFFFFFFF7C
:106D4000C0F0F0E0E0E007F00FFC0FFF0F03C7001A
:106D5000E000700038001C00FE0FFF1FF39F01CF02
:106D600000E700738079E0FC7FEF9FE3C7E1E0E09C
:106D700000E000E000E000E000E000E000E3E0EF21
:106D8000F8FFFCFC3EF81EF00EE00FE007E007E025
:106D900007E007E007E007F00EF81EFC3CEFFCEF11
:106DA000F8E3E007F01FF83FFC3C1E780E7007E0A8
:106DB00000E000E000E000E000E000E0077007789D
:106DC0000E7C1E3FFC1FF807E000038001C000E0BE
:106DD00000700038001C000E0FC71FFB9FFFDF076D
:106DE000EF01F7007F803F800FC007E003F001F85C
:106DF00000FC0077007BC07DF07E7FFB1FF983F0F5
:106E0000C007E01FF83FFC7C1E700E6006E007FF25
:106E1000FFFFFFFFFFE000E000E0007007780E3C9E
:106E20001E3FFC1FF807E00E3CF9C3870E7FFFFCF6
:106E3000E1C3870E1C3870E1C3870E1C387007C78A
:106E40001FF73FFF3C3F780F700FE007E007E007B8
:106E5000E007E007E007E007700F780F7C3F3FF79F
:106E60001FE707C700070007000E700E781E3FFCE3
:106E70001FF807E0E001C0038007000E001C003887
:106E80000071F8E7FDDFFBF0FFC0FF00FC01F80335
:106E9000F007E00FC01F803F007E00FC01F803F008
:106EA00007E00FC01CFFF007FFFFFFFFFFFFFC1C08
:106EB00071C70000071C71C71C71C71C71C71C710A
:106EC000C71C71C71C73FFFBC0E000E000E000E0DE
:106ED00000E000E000E000E03CE078E0F0E1E0E32A
:106EE000C0E780EF00EF80FF80FBC0F1E0E0E0E072
:106EF000F0E070E078E03CE01CE01EE00EFFFFFFF9
:106F0000FFFFFFFFFFFFFCE3E0F8E7F1FEEFFBFE12
:106F1000F87F0FF03E07F01C07E01C07E01C07E0BD
:106F20001C07E01C07E01C07E01C07E01C07E01C36
:106F300007E01C07E01C07E01C07E01C07E01C073B
:106F4000E3F1CFFBBFF7E1FF81FE01F803F007E0BB
:106F50000FC01F803F007E00FC01F803F007E00F28
:106F6000C01F803807F00FFE0FFF8783C780F380B4
:106F70003B801FC007E003F001F800FC007E003BEF
:106F80008039E03C783C3FFE0FFE01FC00E3E0E787
:106F9000F8EFFCFC3EF81EF00EE00FE007E007E023
:106FA00007E007E007E007F00EF81EFC3EFFFCEFED
:106FB000F8E3E0E000E000E000E000E000E00007CF
:106FC000E18FFCCFFF6783F780FB803FC01FC007C6
:106FD000E003F001F800FC007E003B803DE03EF85D
:106FE0003F3FFF8FFDC1F8E000700038001C000E2D
:106FF0000007000380E3F7FBFF8F078381C0E07089
:10700000381C0E070381C0E07038000FC0FF87FFF7
:107010003C1EE03B800E003C007F00FF80FF807F35
:10702000003F807E01FC1F7FF8FFC1FC003870E14B
:10703000CFFFFF9C3870E1C3870E1C3870E1C3E7B7
:10704000C780E00FC01F803F007E00FC01F803F006
:1070500007E00FC01F803F007E00FC03FC0FFC3FD9
:107060007FEEFF9C7E387003B8039C01C700E3806D
:10707000E1C070703838381C1C070E038E01C70041
:1070800077003B801DC007C003E001F0007000F0F6
:107090001C03B81F03DC0F81CE07C0E783E071C378
:1070A000B870E1DC3870EE1C1C630E0E71CE073830
:1070B000E7039C7380EC19807E0FC03F07E00F83CD
:1070C000F00780F003C07801E03C007007380E3C08
:1070D0001C1C1C0E380F70077003E003C001C003B6
:1070E000E007E007700E781E381C1C381E780E7002
:1070F00007700738039C01C701C380E1C07070703E
:1071000038381C3C071C038E01CE0077003B801FE3
:107110008007C003E001E0007000380038001C0068
:107120001E000E003F001F000F00007FFCFFF9FF54
:10713000F000E003800E003C00F003C00F001C00D4
:107140007001E007801E007800FFFFFFFFFFF807D7
:107150000F1F1C1C1C1C1C1C1C1C1C1C1C38F8E0BD
:10716000F8381C1C1C1C1C1C1C1C1C1C1C1F0F0786
:10717000FFFFFFFFFFFFFFFFC0E0F0F838383838AF
:10718000383838383838381C1F071F1C383838381A
:1071900038383838383838F8F0E03800FC03FC1F4D
:1071A0003E3C1FE01F801E000000010104000001A2
:1071B00000010B0402F6030004040601F6050009B1
:1071C0000B0900F61200080E0900F520000D0B0E49
:1071D00000F63200090B0A01F63F0001040301F634
:1071E0004000040E0501F64700030E0501F64D00B0
:1071F00004040601F64F0007070901FA56000204CD
:107200000401FF570003010501FC580002020401BC
:10721000FF5900040B0400F65F00070B0901F66933
:1072200000030B0902F66E00070B0901F67800084F
:107230000B0900F68300080B0900F68E00070B0906
:1072400001F69800070B0901F6A200070B0901F6E9
:10725000AC00070B0901F6B600070B0901F6C000E8
:1072600001080402F9C100010A0402F9C30007077A
:107270000901FACA0007040901FBCE00070709014A
:10728000FAD500070C0901F5E0000E0E1001F5F922
:10729000000A0B0A00F60701090B0A01F614010A9D
:1072A0000C0B01F52301090B0B01F63001090B0A48
:1072B00001F63D01080B0A01F648010A0C0C01F524
:1072C0005701090B0B01F66401010B0402F666017C
:1072D000070B0800F67001090B0A01F67D01070B88
:1072E0000901F687010B0B0D01F69701090B0B0144
:1072F000F6A4010B0C0C01F5B501090B0A01F6C24D
:10730000010B0D0C01F5D4010A0B0B01F6E201098A
:107310000C0A01F5F001090B0A00F6FD01090B0B3F
:1073200001F60A020A0B0A00F618020F0B0F00F60C
:107330002D020A0B0A00F63B020A0B0A00F649026C
:10734000090B0A00F65602030E0401F65C02040B58
:107350000400F66202030E0400F668020606070146
:10736000F66D0209010900036F0204030500F571BF
:107370000207080901F97802070B0901F6820207E2
:10738000080800F98902080B0900F69402070809A9
:1073900001F99B02040B0400F6A102080B0900F995
:1073A000AC02070B0901F6B602010B0301F6B802A5
:1073B000020E0300F6BC02070B0801F6C602010B21
:1073C0000301F6C8020B080D01F9D30207080901F1
:1073D000F9DA0207080901F9E102070B0901F9EBE3
:1073E00002080B0900F9F60204080501F9FA020681
:1073F000080801F90003040A0400F7050307080957
:1074000001F90C0308080800F914030B080B00F934
:107410001F0307080800F92603070B0800F93003CB
:1074200007080800F93703030E0501F63D03010EB6
:107430000402F63F03040E0500F6460307030901A4
:10744000FA00FF60BB981309048FF3213091FE24EA
:10745000121900083E4A4948683E0B09494B7E080C
:10746000083042423120890790188009C099048869
:1074700044421E3C32110D8383C3251E86639F60E8
:10748000F02244C8888C44228922492D25000F69A6
:10749000102047F1020400F5E0F011122244488068
:1074A000799B1C387060C38789F027924924807DBE
:1074B0008E1C10618E30C103F83C624303061E032C
:1074C0000343433E060E0E16366646FF0606067D4D
:1074D00083060FD8C181838DF03C8B1C0B99A1C111
:1074E000838DF0FE041040820418204180798A1CAC
:1074F00036CFA1C1838DF0799A1C3878DE838789D5
:10750000E0838340063B8607018080FFFC07F0C0D4
:10751000E03811CE200018FB1E10618608100040D4
:107520008003807F83031806C7EE3339846633985F
:107530008A666CEF180030007F000E0381A04C13A8
:107540000C43F8FE60903C0CFE61B0582C67FB07C2
:1075500083C1E1BF800C0FC61B028020080200C05F
:10756000F02618FCFF60F0781C0E070381C1E1BF14
:1075700080FF6030180C07FB0180C0603FE0FFC057
:10758000C0C0C0FEC0C0C0C0C00C0FE60B0380204E
:10759000087E01C070361CFDC0E070381C0FFF0370
:1075A00081C0E07020FFE0060C183060C1E3C7899D
:1075B000F0C36331190D8743318CC360B060C18360
:1075C000060C183060C183F8E07C1F82F85D1BA2B6
:1075D000764E59CA39C71080C0F07C3A1D8E6713A9
:1075E0008DC2E0F0600C07F18260680500E01C03CA
:1075F000805819861F80FF60B0783C37F30180C047
:107600006030000C07F18260680500E01C038058C0
:1076100059861FE004FF306C0B02C1BFCC1B02C0B7
:10762000B02C08183F30582C0380780681C0F04FEA
:10763000C0FF86030180C06030180C060300C0E064
:1076400070381C0E070381C0B0CFC040D822088616
:1076500031044130680A0380C0430487198A331417
:10766000626C84890D161E2C1C70306060C0608CAA
:107670006130680E0301E04C3118640C60D8631867
:107680004C1A03804010040100407F80C0C0C0C07D
:1076900060606060203FE0F249249249C088444223
:1076A000221110E492492493C021C5128A30FF8030
:1076B000C6207D8811EC50A17F810207EC7060C16B
:1076C000838FF03EC50A0C08589F0303033F6343B2
:1076D000C3C343633D7D8E0FF81031BE366F6666BF
:1076E00066603F6343C3C343633F03427E81020539
:1076F000EC78E1C3870E189FE04155557081020474
:1077000069963C6C891A18FFE0BFF8CE10C2184386
:1077100008610C21BD8F1C3870E1C37D8A1C1830B4
:10772000F13EFD8E0C183071FE8102003D6343C3B3
:10773000C343633F030303BCC88888FA383C1C1862
:107740007E66F6666667870E1C3870F1FFC2426679
:107750006424381818C669CD293526BC730C618C91
:107760004648E0C1859921428D9122C7060C10211F
:10777000807E0830C304107F6924B64924C0FFFC12
:10778000E222223322222E613430437573746F6DEE
:107790002044657669636520646F6573206E6F743D
:1077A0002066697420696E204D656D6F72790043A3
:1077B0007573746F6D2044657669636520646F65C9
:1077C00073206E6F742066697420696E204D656D3C
:1077D0006F7279002200FF21003106980320007E9D
:1077E000002F9B2A022820007E002B5548BC4520F4
:1077F000007E00166C4FD34C20007E00206961D0C3
:107800005E20007E002A4174A87120007E001A6E5E
:107810002F61004F4B004F4B004F4B00646F65735F
:10782000206E6F742066697420696E204D656D6FDF
:107830007279004661696C7572652C20454550521D
:107840004F4D2073697A652065786365656465646A
:1078500020004D465374657070657220646F6573C7
:10786000206E6F742066697420696E204D656D6F9F
:107870007279004F757470757453686966746572B7
:1078800020617272617920646F6573206E6F74205D
:1078900066697420696E746F204D656D6F72790032
:1078A000496E70757453686966746572206172728E
:1078B000617920646F6573206E6F7420666974202F
:1078C000696E746F204D656D6F72790043757374C6
:1078D0006F6D2044657669636520646F6573206E03
:1078E0006F742066697420696E204D656D6F7279C2
:1078F00000437573746F6D20446576696365206914
:1079000073206E6F7420737570706F72746564206D
:1079100062792074686973206669726D7761726537
:107920002076657273696F6E00437573746F6D2096
:1079300044657669636520646F6573206E6F74209B
:1079400066697420696E204D656D6F7279004661BD
:10795000696C757265206F6E2072656164696E670F
:1079600020636F6E666967004761676167752046CF
:1079700043552F45464953204D656761007E306D64
:1079800079335B5F707F7B771F0D3D4F47000000B1
:1079900000000000000000000000000000000000E7
:1079A000000000000000000000800180257E306D96
:1079B00079335B5F707F7B00000009000000777FF8
:1079C0004E7E4F475F37307C000E00767E677E77B5
:1079D0005B463E000000336D4E13780008007D1FAB
:1079E0000D3D4F477B373038000600151D67730586
:1079F0005B0F1C000000276D4E0078000044657688
:107A0000696365427566666572204F766572666C5D
:107A10006F77210000000000003E5B4F5B3E3E6B35
:107A20004F6B3E1C3E7C3E1C183C7E3C181C577D18
:107A3000571C1C5E7F5E1C00183C1800FFE7C3E764
:107A4000FF0018241800FFE7DBE7FF30483A060E76
:107A50002629792926407F050507407F05253F5ABD
:107A60003CE73C5A7F3E1C1C08081C1C3E7F14222D
:107A70007F22145F5F005F5F06097F017F006689D8
:107A8000956A606060606094A2FFA29408047E041E
:107A90000810207E201008082A1C08081C2A080844
:107AA0001E101010100C1E0C1E0C30383E38300604
:107AB0000E3E0E06000000000000005F0000000700
:107AC000000700147F147F14242A7F2A122313082E
:107AD000646236495620500008070300001C22410A
:107AE000000041221C002A1C7F1C2A08083E0808AE
:107AF000008070300008080808080000606000205E
:107B0000100804023E5149453E00427F4000724940
:107B10004949462141494D331814127F10274545E4
:107B200045393C4A494931412111090736494949FA
:107B300036464949291E0000140000004034000068
:107B400000081422411414141414004122140802D1
:107B5000015909063E415D594E7C1211127C7F4944
:107B60004949363E414141227F4141413E7F494999
:107B700049417F090909013E414151737F080808C5
:107B80007F00417F41002040413F017F0814224196
:107B90007F404040407F021C027F7F0408107F3EF0
:107BA0004141413E7F090909063E4151215E7F095D
:107BB000192946264949493203017F01033F4040C4
:107BC000403F1F2040201F3F4038403F63140814AF
:107BD0006303047804036159494D43007F414141E7
:107BE0000204081020004141417F040201020440C8
:107BF00040404040000307080020545478407F284C
:107C00004444383844444428384444287F38545441
:107C1000541800087E090218A4A49C787F08040464
:107C20007800447D40002040403D007F1028440003
:107C300000417F40007C047804787C080404783894
:107C400044444438FC1824241818242418FC7C08C4
:107C5000040408485454542404043F44243C404041
:107C6000207C1C2040201C3C4030403C44281028F4
:107C7000444C9090907C4464544C4400083641003D
:107C80000000770000004136080002010204023CB7
:107C90002623263C1EA1A161123A4040207A385486
:107CA00054555921555579412254547842215554FF
:107CB000784020545579400C1E5272123955555552
:107CC00059395454545939555454580000457C413D
:107CD0000002457D420001457C407D1211127DF07D
:107CE000282528F07C545545002054547C547C0AA7
:107CF000097F4932494949323A4444443A324A4870
:107D000048303A4141217A3A42402078009DA0A073
:107D10007D3D4242423D3D4040403D3C24FF2424C5
:107D2000487E4943662B2FFC2F2BFF0929F620C0E4
:107D3000887E090320545479410000447D41304835
:107D4000484A32384040227A007A0A0A727D0D1978
:107D5000317D2629292F28262929292630484D40DA
:107D600020380808080808080808382F10C8ACBAD6
:107D70002F102834FA00007B000008142A14222255
:107D8000142A14085500550055AA55AA55AAFF559E
:107D9000FF55FF000000FF00101010FF0014141426
:107DA000FF001010FF00FF1010F010F0141414FC6E
:107DB000001414F700FF0000FF00FF1414F404FC8B
:107DC000141417101F10101F101F1414141F00106C
:107DD0001010F0000000001F101010101F101010E5
:107DE00010F010000000FF101010101010101010F4
:107DF000FF10000000FF140000FF00FF00001F1034
:107E0000170000FC04F414141710171414F404F4ED
:107E10000000FF00F714141414141414F700F714DE
:107E20001414171410101F101F141414F41410102D
:107E3000F010F000001F101F0000001F14000000D1
:107E4000FC140000F010F01010FF10FF141414FFC9
:107E5000141010101F00000000F010FFFFFFFFFFC4
:107E6000F0F0F0F0F0FFFFFF0000000000FFFF0F58
:107E70000F0F0F0F3844443844FC4A4A4A347E02FC
:107E8000020606027E027E0263554941633844447D
:107E90003C04407E201E2006027E020299A5E7A532
:107EA000991C2A492A1C4C7201724C304A4D4D30A3
:107EB0003048784830BC625A463D3E494949007EC8
:107EC0000101017E2A2A2A2A2A44445F444440515F
:107ED0004A444040444A51400000FF0103E080FF13
:107EE000000008086B6B083612362436060F090F9F
:107EF00006000018180000001010003040FF0101BB
:107F0000001F01011E00191D1712003C3C3C3C00E3
:107F100000000000000103070F1F3F7F0080C0E04A
:107F2000F0F8FCFE4C6F6164696E6720636F6E66EB
:107F30006967206661696C656400000020002300A9
:107F4000260029002C002F00320000010000030150
:107F50000601090100000A0B02090C0D0E080703B7
:107F6000040100000000000000000000000000000C
:107F70000000000000000000000000000000000001
:107F800012111000000000000000000000000000BE
:107F9000000000000000000000000000210024009C
:107FA00027002A002D0030003300010100000401E9
:107FB00007010A01DB40A4A62EAF2000A1C8D30010
:107FC000408DAED580A80102102020080810204066
:107FD000102040800201020108040201010204088D
:107FE000102040808040201008040201800402011B
:107FF0008040201008040201080402010102040864
:10800000102040800102040810204080000022005F
:10801000250028002B002E00310034000201000052
:10802000050108010B0105050505070508080808F5
:10803000020202020A0A0808040404040101010100
:1080400001010101030303030303030304070707FB
:108050000C0C0C0C0C0C0C0C0202020206060606A0
:10806000060606060B0B0B0B0B0B0B0B968A148FDD
:1080700011241FBECFEFD1E2DEBFCDBF00E00CBFA9
:1080800014E0A0E0B2E0E8EBFBE201E00BBF02C0CD
:1080900007900D92AE36B107D9F723E1AEE6B4E012
:1080A00001C01D92AD32B207E1F710E4C7E3D0E49E
:1080B00000E006C021970109802FFE010E94229254
:1080C000C633D10780E00807A9F70E94628B0C94A1
:1080D000CA950C940000AC011092D8119091A8128E
:1080E0008091A712FA01BF01641B750B2091D81172
:1080F00030813093D811931304C0921302C01092B0
:10810000D8113081311104C0921721F0CB010895AC
:108110003817D1F33196E7CF0F931F93CF93DF93A7
:1081200080919C12882309F446C0D0E0C0E08130E1
:1081300029F482E080939C12CCEDD1E180919D12D4
:10814000882341F1209721F4C091A112D091A2126D
:108150008E01CE010E946B40892B29F42196F801F3
:1081600080818111F5CFF8018081882309F1C80150
:108170000E946B40F801E80FF91F8081882311F0FD
:1081800010823196F093A212E093A1121093A012E4
:1081900000939F1280919F129091A012892B59F009
:1081A00081E080939D12DF91CF911F910F910895EF
:1081B00010E000E0EBCF80E0F6CFFC0120812EBD87
:1081C0000DB407FEFDCF2EB5FC012083089591E08C
:1081D00090933D1080935F1010923E1010926010AB
:1081E000089508950895FC0180819181892B51F4AF
:1081F0000280F381E02D81E090E0938B828B918B64
:10820000808B08950480F581E02DF5CFFC018081FD
:108210009181892B39F40280F381E02D81E0848BF8
:10822000858B08950480F581E02DF8CF2F923F9241
:108230004F925F926F927F928F929F92AF92BF9276
:10824000CF92DF92EF92FF920F931F93CF93DF9322
:1082500000D000D01F921F92CDB7DEB798878F83D2
:108260003B015E834D837901DC01ED91FC91028439
:10827000F385E02D19959701220F331F2F5F3F4F94
:108280004D815E814E195F09AF81B885ED91FC91FA
:1082900011970088F189E02D01E010E0B301CD01D4
:1082A000199581E090E02C014E185F0888279927E6
:1082B0008E199F099C01220F331F3C832B831701CA
:1082C00081E090E09A838983D12CC12C57FC0AC0AD
:1082D00091E0E91AF108AB81BC811296BC83AB83B3
:1082E0004A0E5B1EBFEFCB1ADB0A29813A812E5F53
:1082F0003F4F3A832983420E531EEC14FD040CF4C5
:1083000082C04701880C991C3FEF831A930AAF8102
:10831000B885ED91FC9111970088F189E02D01E07D
:1083200010E09401AD80BE80AE18BF08A501B60173
:10833000660D771DCD011995AF81B885ED91FC9142
:1083400011970088F189E02D9401A501B3016C1902
:108350007D09CD011995E214F30479F1AA24A394BF
:10836000B12CAC18BD082D813E81A20EB31EB30105
:10837000620D731DAF81B885ED91FC910088F18984
:10838000E02D01E010E089809A80B2E08B1A91081C
:108390009401A5018F8198851995B301621973091C
:1083A000AF81B885ED91FC9111970088F189E02D9E
:1083B0009401A501CD0119951701CE14DF040CF429
:1083C00085CFAF81B885ED91FC9111970688F7892B
:1083D000E02DCD0128960FB6F894DEBF0FBECDBFBD
:1083E000DF91CF911F910F91FF90EF90DF90CF9091
:1083F000BF90AF909F908F907F906F905F904F90C5
:108400003F902F901994E214F30409F0A7CFD9CF2D
:10841000FC0180819181892B21F4828193810C94CC
:10842000164184819581FBCF0F931F93FC018081BE
:108430009181892B91F482819381DC01ED91FC91F2
:10844000048CF58DE02D01E010E025E030E04FE0F8
:1084500050E019951F910F91089584819581EDCF7A
:108460000F931F93FC0180819181892B91F482816C
:108470009381DC01ED91FC91068CF78DE02D01E0FC
:1084800010E02AE030E04FE050E019951F910F9185
:10849000089584819581EDCF0E948C40882351F00E
:1084A00081E080939D1280939E1280919F12909103
:1084B000A012089510929E1290E080E00895CF934C
:1084C000DF93DC01FD01EC012881222351F0309182
:1084D000A812231301C00196FC0120812D9301965F
:1084E000F1CFE817F90710F41192FBCFDF91CF918C
:1084F00008958150823108F05AC0E82FF0E08827B3
:10850000EB57FD4B8F4F0C942292A542A942974204
:108510009D42A142D742AC42B242B642BC42C042A6
:10852000C442CA42CE42D742D242D842DC428091B3
:1085300080008F77809380000895809180008F7DE8
:10854000F9CF80918000877FF5CF84B58F7784BD88
:10855000089584B58F7DFBCF8091B0008F77809395
:10856000B00008958091B0008F7DF9CF8091900088
:108570008F77809390000895809190008F7DF9CF40
:1085800080919000877FF5CF8091A0008F778093B6
:10859000A00008958091A0008F7DF9CF8091A00068
:1085A000877FF5CF809120018F77809320010895F8
:1085B000809120018F7DF9CF80912001877FF5CFB9
:1085C000CF93DF93282F30E0F901EC5AF0488491E3
:1085D000F901EA53F048D491F901EA5DFF47C491EB
:1085E000CC23A1F081110E947942EC2FF0E0EE0F34
:1085F000FF1FE65CF048A591B491EC91ED2381E07A
:1086000090E009F480E0DF91CF91089580E090E060
:10861000FACF1F93CF93DF93282F30E0F901EC5A64
:10862000F0488491F901EA53F048D491F901EA5DE8
:10863000FF47C491CC23A9F0162F81110E947942E3
:10864000EC2FF0E0EE0FFF1FE45FFF47A591B49120
:108650008FB7F894EC91111108C0D095DE23DC930C
:108660008FBFDF91CF911F910895DE2BF8CFCF936D
:10867000DF9390E0FC01EA53F04824918A5D9F4724
:10868000FC0184918823C9F090E0880F991FFC01B8
:10869000E656F048A591B491FC01E45FFF47C5910F
:1086A000D49161110DC09FB7F8948C9120958223CD
:1086B0008C938881282328839FBFDF91CF910895D1
:1086C000623051F49FB7F8943C91822F80958323B8
:1086D0008C93E8812E2BEFCF8FB7F894EC912E2B53
:1086E0002C938FBFEACFCF93CFB7F8948091220C11
:1086F000811127C0EBE5F0E88491EBEFFFE794915F
:10870000E82FF0E0EE0FFF1FE656F048A591B49178
:10871000EC91E92321F461E085E30E94094361E0E3
:1087200085E30E9437438CB580618CBD8CB5806435
:108730008CBD61E084E30E94374361E083E30E94E3
:1087400037438091220C8F5F8093220CCFBFCF9153
:1087500008951F93CF93DF93182FEB0161E00E94E0
:108760003743209739F460E0812FDF91CF911F913B
:108770000C940943CF3FD10511F461E0F5CFE12F0F
:10878000F0E0EC5AF048E491E150E23108F0B3C077
:10879000F0E08827E153FC4B8F4F0C942292E14389
:1087A000E943EE43F84302447B440C4414441C4424
:1087B000264430443A44494453447B445D4467442E
:1087C000714484B5806884BDC7BDDF91CF911F918E
:1087D000089584B5806284BDC8BDF7CF80918000C4
:1087E000806880938000D0938900C0938800EDCF8B
:1087F00080918000806280938000D0938B00C09332
:108800008A00E3CF80918000886080938000D093BD
:108810008D00C0938C00D9CF8091B0008068809388
:10882000B000C093B300D1CF8091B000806280933C
:10883000B000C093B400C9CF80919000806880934D
:108840009000D0939900C0939800BFCF8091900082
:10885000806280939000D0939B00C0939A00B5CF24
:1088600080919000886080939000D0939D00C09389
:108870009C00ABCF8091A00080688093A000809185
:10888000A0008F7B8093A000D093A900C093A80084
:108890009CCF8091A00080628093A000D093AB0019
:1088A000C093AA0092CF8091A00088608093A0001E
:1088B000D093AD00C093AC0088CF80912001806838
:1088C00080932001D0932901C09328017ECF80910D
:1088D0002001806280932001D0932B01C0932A0154
:1088E00074CF80912001886080932001D0932D0166
:1088F000C0932C016ACFC038D1050CF03ECF33CFE6
:108900008230910538F0880F991F880F991F0597BD
:108910000197F1F708959F92AF92BF92CF92DF92A5
:10892000EF92FF920F931F93CF93DF93EC016B01B4
:108930008885998511E0892B09F010E8F601A0805F
:108940008A2D8123992493948111912C2C813D812E
:108950004E815F8160E271EA87E090E00E94D591EC
:10896000022FB12CE22EF12C002319F0C7010E9436
:1089700080448A85877F09F04FC08D858F3F89F0BD
:108980009A2D912381E009F480E0891551F0EF855B
:10899000F8898F899923D1F19081892B808399243B
:1089A0009394E989FA898081998D892B80830023AA
:1089B00019F0C7010E9480448E858F3F39F0EB8902
:1089C000FC898081988D892309F0B12AE989FA8987
:1089D0009081898D8095892380838E858F3F11F0CA
:1089E000F601B08288859985892B09F044C0110F62
:1089F0001111BACFDF91CF911F910F91FF90EF909E
:108A0000DF90CF90BF90AF909F9008959081809518
:108A100089238083912CC5CFE989FA898081998D3A
:108A2000892B8083002319F0C7010E9480448D8523
:108A30008F3F49F0EF85F8898F899A2D9123B9F0FE
:108A40009081892B8083E989FA899081898D80952D
:108A5000892380838E858F3F09F4BFCFEB89FC8902
:108A60008081988D892309F4B8CFB12AB6CF90813F
:108A700080958923E7CF1695BBCF3FB7F8948091B7
:108A80001E0C90911F0CA091200CB091210C26B5CA
:108A9000A89B05C02F3F19F00196A11DB11D3FBF36
:108AA000BA2FA92F982F8827BC01CD01620F711D05
:108AB000811D911D42E0660F771F881F991F4A95FF
:108AC000D1F708958F929F92AF92BF92CF92DF928B
:108AD000EF92FF924B015C010E943D456B017C01CE
:108AE0000E943D456C197D098E099F09683E7340BF
:108AF00081059105A8F321E0821A9108A108B10827
:108B000088EEC80E83E0D81EE11CF11C811491048C
:108B1000A104B10429F7FF90EF90DF90CF90BF90B0
:108B2000AF909F908F9008952FB7F89460911A0C92
:108B300070911B0C80911C0C90911D0C2FBF0895FF
:108B4000FC01248135816217730720F480819181B3
:108B5000009729F41092ED0B8DEE9BE00895860F9F
:108B6000971F0895DC01ED91FC910190F081E02DBB
:108B70001994EF92FF920F931F93CF93DF937C0191
:108B80006091A7128091A4129091A5120E94B24503
:108B90000091A4121091A512E701FE0164916623D1
:108BA00059F0D801ED91FC910190F081E02DC801C0
:108BB00019952196892B89F7DF91CF911F910F91FC
:108BC000FF90EF900895DB0114964D915C911597FD
:108BD0006D917C91DC01ED91FC910280F381E02D9F
:108BE0001994AF92BF92CF92DF92EF92FF920F93C0
:108BF0001F93CF93DF936C017B018B01040F151F33
:108C0000EB015E01AE18BF08C017D10759F069919A
:108C1000D601ED91FC910190F081E02DC6011995EE
:108C2000892B79F7C501DF91CF911F910F91FF90AB
:108C3000EF90DF90CF90BF90AF900895FC01538DDF
:108C4000448D252F30E0842F90E0821B930B541726
:108C500010F0CF96089501970895FC01918D828DB3
:108C6000981759F0A28DAE0FBF2FB11D5D968C9154
:108C7000928D9F5F928F90E008958FEF9FEF089500
:108C8000FC01918D828D981731F0828DE80FF11DD6
:108C9000858D90E008958FEF9FEF0895FC01918DF1
:108CA000828D981B892F90E0089586E790E10E94BD
:108CB0004E4621E0892B09F420E0822F0895FC0123
:108CC000A48DA80FB92FB11DA35EBE4F2C91848D2A
:108CD00090E001968F739927848FA689B7892C938A
:108CE000A089B1898C91837080648C93938D848DDD
:108CF000981306C00288F389E02D80818F7D8083E0
:108D00000895EF92FF920F931F93CF93DF93EC019F
:108D100081E0888F9B8D8C8D98131AC0E889F98922
:108D2000808185FF15C09FB7F894EE89FF89608325
:108D3000E889F98980818370806480839FBF81E0A6
:108D400090E0DF91CF911F910F91FF90EF900895E8
:108D5000F62E0B8D10E00F5F1F4F0F731127E02EC3
:108D60008C8D8E110CC00FB607FCFACFE889F989FB
:108D7000808185FFF5CFCE010E945F46F1CFEB8D5C
:108D8000EC0FFD2FF11DE35EFE4FF0829FB7F894CC
:108D90000B8FEA89FB8980818062CFCFCF93DF93ED
:108DA000EC01888D8823B9F0AA89BB89E889F98903
:108DB0008C9185FD03C0808186FD0DC00FB607FC38
:108DC000F7CF8C9185FFF2CF808185FFEDCFCE016B
:108DD0000E945F46E9CFDF91CF91089580E090E057
:108DE000892B29F00E94554681110E94000080E0E5
:108DF00090E0892B49F080E090E0892B29F00E94D7
:108E0000000081110E94000080E090E0892B49F071
:108E100080E090E0892B29F00E94000081110E94DF
:108E2000000080E090E0892B49F080E090E0892B01
:108E300029F00E94000081110C9400000895EF9227
:108E4000FF920F931F93CF93DF93EC01EC80FD8093
:108E50006E157F050CF070C057FF04C0240F351F3E
:108E600050E040E08E819F81FA01E20FF31F8E17E0
:108E70009F071CF49C01241B350B121613060CF0E3
:108E80005BC0922F842F8695869586958E9DD00106
:108E90008F9DB00D11246A0F7B1FAF8DB8A1A60F57
:108EA000B71F477049F188E0841B482F682F70E096
:108EB000FB01E45EF048E491281708F063C0621BF0
:108EC00071092FEF30E002C0359527956A95E2F7DA
:108ED000E2230130110539F0B0F10230110561F5DE
:108EE0008C91E82702C08C91E82BEC93941720F129
:108EF0002C813D81A20FB31FE92FE41BE83078F0ED
:108F00000230110521F58E2F9C9190959C932C8118
:108F10003D81A20FB31F88508830B0F7E770EE2371
:108F200059F0F0E0EC5EF048E49101301105F9F001
:108F300010F10230110519F1DF91CF911F910F91BE
:108F4000FF90EF900895E0958C91E823CECF81E0DB
:108F50000115110509F480E081959E2F8C932C81D9
:108F60003D81A20FB31F98509830C0F7D7CF8C9196
:108F7000E82BEC93E1CFE0958C91E823FACF8C912C
:108F8000E827F7CF0130110509F4ADCFE0F2023048
:108F9000110509F4A5CFAE0DBF1DAECF0F931F93E2
:108FA000CF93DF9377FF04C0260F371F70E060E098
:108FB000DC011496CD91DC91FB01E20FF31FCE177B
:108FC000DF071CF49E01261B370B121613064CF507
:108FD000FA0157FD3796A3E0F595E795AA95E1F7D5
:108FE000EC9FD001ED9FB00DFC9FB00D11246A0FD6
:108FF0007B1FDC015F96ED91FC91E60FF71F477038
:10900000552781E090E001C0880F4A95EAF7482F84
:109010000130110559F0A8F02E0F3F1F0230110545
:10902000E1F0DF91CF911F910F9108952E0F3F1F17
:10903000E217F307B1F38191DF011197842B8C9331
:10904000F7CF80952E0F3F1FE217F30751F3919151
:10905000DF01119798239C93F7CFE217F30709F3E9
:109060008191DF01119784278C93F7CF0F931F9382
:10907000FA01DC0156964C9156974230E9F04330A4
:10908000A1F1413061F514964D915C91DA01AE1B6E
:10909000BF0BFD01E21BF30B77FD0BC0DC01169645
:1090A0004D915C916417750724F4AB01BF010E94D8
:1090B000CE471F910F91089514964D915C91DA015E
:1090C000A61BB70BBD0161507109DC0116964D91CD
:1090D0005C91DA01AE1BBF0BFD01E21BF30B77FDC8
:1090E000E8CFAF010E941F47E4CF16964D915C91E7
:1090F000DA01A61BB70BBD0161507109CDCF0F93EB
:109100001F93FA01DC0156964C9156974230A9F014
:10911000433091F1413019F514964D915C91DA018B
:10912000AE1BBF0BFD013197F7FD04C0AB01BF01C2
:109130000E941F471F910F91089514964D915C91C5
:10914000DA01A61BB70BBD01DC0116964D915C91AF
:10915000DA01AE1BBF0BFD013197621B730BF7FDEC
:10916000E9CFDC0116964D915C91E417F50714F7F1
:10917000AF010E94CE47DECF16964D915C91DA0189
:10918000A61BB70BBD01621B730BCECFFC0177FD95
:1091900064C080859185681779070CF05EC057FD23
:1091A0005CC082859385481759070CF056C08689A4
:1091B0008230B1F0833029F1813041F4848195818E
:1091C000841B950BAB01BC01615071092130310545
:1091D00009F108F443C02230310509F463C0089551
:1091E00084819581DC01A61BB70BBD01615071091B
:1091F00086819781DC01A41BB50BAD01415051095B
:10920000E5CF86819781861B970BBA01AC0141504F
:109210005109DCCFCA0157FD0796A3E095958795C4
:10922000AA95E1F7A481B5818A9F90018B9F300DAB
:109230009A9F300D1124620F731F078CF0A1E02D4F
:10924000E60FF71F4770552721E030E001C0220FDD
:109250004A95EAF78081822B80830895CA0157FDE1
:10926000079633E0959587953A95E1F7A481B58106
:109270008A9F90018B9F300D9A9F300D1124620FB1
:10928000731F078CF0A1E02DE60FF71F47705527DD
:1092900081E090E001C0880F4A95EAF780959081BF
:1092A0008923DACFCA0157FD079623E09595879564
:1092B0002A95E1F7A481B5818A9F90018B9F300D9B
:1092C0009A9F300D1124620F731F078CF0A1E02DBF
:1092D000E60FF71F4770552721E030E001C0220F4D
:1092E0004A95EAF780818227B7CF08958EBD0000A6
:1092F0000DB407FEFDCF8EB508958CBD9DBD0895BC
:10930000AF92BF92CF92DF92EF92FF920F931F9393
:10931000CF93DF931F92CDB7DEB78C015B016A015B
:10932000DC018D919C911197892B39F01296ED916A
:10933000FC91808191810E947D49F80183858F3F56
:1093400019F060E00E9409437501CA0CDB1CEC14A3
:10935000FD04A9F0D7018D917D018983F8018081F9
:109360009181892B29F0CE0101960E94DD40EFCF3B
:10937000BE016F5F7F4FC8010E948B44E8CFD801C8
:109380001B968C918F3F19F061E00E94094381E0A8
:109390000F90DF91CF911F910F91FF90EF90DF9091
:1093A000CF90BF90AF900895FF920F931F93CF93EC
:1093B000DF93FC0177FD72C080859185681779077E
:1093C0000CF06CC057FD6AC0828593854817590719
:1093D0000CF064C08689823009F466C0833009F4D9
:1093E00074C0813041F484819581841B950BAB015D
:1093F000BC016150710981A592A5681779070CF429
:10940000CB0192A781A783A594A5481759070CF40F
:10941000CA0194A783A785A596A5861797070CF47C
:10942000CB0196A785A787A590A9841795070CF46B
:10943000CA0190AB87A787A9813051F4213031054B
:1094400009F44CC008F470C02230310509F491C011
:1094500087A9843019F5A481B5814A9FC0014B9F2B
:10946000900D5A9F900D112497FD01969595879523
:10947000AB0177FF02C04F5F5F4F55954795840F53
:10948000951F07A0F0A5E02DE80FF91F908160FD62
:1094900095C09F702295207F922B9083DF91CF9172
:1094A0001F910F91FF900895848195818C01061B77
:1094B000170BB8016150710986819781DC01A41BEB
:1094C000B50BAD014150510996CF86819781861B1E
:1094D000970BBA01AC01415051098DCFCA0157FD1C
:1094E0000796C3E095958795CA95E1F7C481D58124
:1094F0008C9FD0018D9FB00D9C9FB00D1124CD018C
:10950000860F971FA7A1B0A5A80FB91FEA01C770C2
:10951000DD2781E090E08C0101C0000FCA95EAF7D9
:109520008C91802B8C9394CFCA0157FD0796B3E0A2
:1095300095958795BA95E1F7C481D5818C9FD00127
:109540008D9FB00D9C9FB00D1124CD01860F971FEC
:10955000A7A1B0A5A80FB91FEA01C770DD2781E058
:1095600090E001C0880FCA95EAF780959C91892305
:10957000D9CFCA0157FD0796A3E095958795AA957F
:10958000E1F7C481D5818C9FD0018D9FB00D9C9F48
:10959000B00D1124CD01860F971FA7A1B0A5A80F6C
:1095A000B91FEA01C770DD2781E090E08C0101C09E
:1095B000000FCA95EAF78C918027B4CF907F2F7067
:1095C000292B20836BCF0895FC016370668B848107
:1095D000958126813781613039F0633029F0918798
:1095E00080873387228708953187208793878287F2
:1095F00008952F923F924F925F926F927F928F9237
:109600009F92AF92BF92CF92DF92EF92FF920F9311
:109610001F93CF93DF93CDB7DEB76A970FB6F89459
:10962000DEBF0FBECDBF9A8F898F7A8369834A01CF
:10963000D22E18870F833701BC2CDC0159962D914F
:109640003C915A972115310509F015C118968D9155
:109650009C911997681779070CF0D7C11A968D91CC
:109660009C91481759070CF0D0C14C2C512CB6E0F6
:10967000CB9E600D711D11247C876B871616170613
:109680000CF0C3C1EA2DF0E0FA87E98793E0EE0F12
:10969000FF1F9A95E1F7F88BEF87CF01840F951F95
:1096A000181619060CF0B1C1A98DBA8D58968C9177
:1096B000811104C0BFEABD1508F4D394A98DBA8DF9
:1096C000ED91FC9111970284F385E02DCD01199560
:1096D000B5E0DB9EC0011124E981FA81FC83EB83B4
:1096E000312C212C9C012C5E3548388F2F8B4A2D34
:1096F00050E05E8B4D8BEF89F88DE20DF31D4491A8
:109700009E828D82D12CC12C69817A81620D731D5C
:109710007A8B698B842F90E09C8B8B8BE98DFA8DF3
:10972000A081B18140FF82C0F1E0BF126FC0AF12D3
:109730006DC01C96ED91FC912F813885A4014C0DD4
:109740005D1D69897A89898D9A8D1995EB89FC89C6
:10975000F595E7954E2F5FEFC51AD50A6D817E818D
:109760008D899E89680F791F7E836D8398E0C91665
:10977000D10481F6AFEF2A1A3A0AEB81FC81E40D9D
:10978000F51DFC83EB83F5E02F16310409F0B3CF10
:109790002F81388526153705B9F0A98DBA8DED9141
:1097A000FC91B1E0BB1257C0AB1255C069817A8100
:1097B0006B5F7F4F0088F189E02D830128E030E066
:1097C000A401898D9A8D1995A98DBA8DED91FC9181
:1097D00011970688F789E02DCD016A960FB6F894A7
:1097E000DEBF0FBECDBFDF91CF911F910F91FF90D4
:1097F000EF90DF90CF90BF90AF909F908F907F9031
:109800006F905F904F903F902F9019941E96ED911E
:10981000FC91EF80F88409851A8592014D815E8163
:109820006B817C81898D9A8D199590CF2F81388598
:109830002615370509F48ACF31E0B31207C0A31209
:1098400005C01C96ED91FC91930178CF1E96ED9189
:10985000FC917301E0CF6B857C85641975090684E2
:10986000F785E02D73010F8518899201A401898D78
:109870009A8D1995A9CFF901349694913297459113
:109880005491D91AB7E0DB9E400D511D1124F90106
:10989000259134913C8B2B8BFA0125903490FA0161
:1098A0003296749031963491398B32966490319619
:1098B000449041E04C1518F04A1508F07FC0662D21
:1098C000062C000C770B7C836B83842D042C000CFE
:1098D000990B9E838D83A98DBA8DED91FC91119783
:1098E0000284F385E02DCD011995512CD12CC12C8A
:1098F000EA2DF0E0FA87E9872B2D30E03C872B87B3
:10990000A401440D511D47FC5A95588F4F8B698116
:109910007A81660D711D67FC7A957E876D877989DE
:10992000C71608F051CF2C2D30E04D815E81420FDB
:10993000531FA985BA854A9FC0014B9F900D5A9F1E
:10994000900D1124FC01E80DF91DF88BEF87852D92
:10995000612C4F89588D420F531F5E8B4D8B6714BE
:1099600008F050C044244394480E877041F4C1016C
:109970000196EB89FC89E20DF31DD4901C01D7FE02
:1099800019C0A98DBA8DED91FC91662D70E0B1E002
:10999000BB1219C0AB1217C02D853E85620F731F15
:1099A0000484F585E02D2F8138854D895E89898D68
:1099B0009A8D1995DD0C6394842DD1CF1E821D8262
:1099C0001C821B8288CF4B815C81640F751FAB8525
:1099D000BC856A9FC0016B9F900D7A9F900D1124EA
:1099E00069817A81680F791F0684F785E02DEF8001
:1099F000F88409851A859D014F855889898D9A8D2E
:109A00001995D8CF570CC3948ACF6A960FB6F8949D
:109A1000DEBF0FBECDBFDF91CF911F910F91FF90A1
:109A2000EF90DF90CF90BF90AF909F908F907F90FE
:109A30006F905F904F903F902F9008958F929F92DC
:109A4000AF92CF92EF92FF920F931F93CF93DF933A
:109A5000EC01262F898D9A8D009709F051C06A304C
:109A6000D1F41D861C868D8948E0849F90011124C5
:109A70008E859F85820F931F9F878E8781E090E060
:109A8000DF91CF911F910F91FF90EF90CF90AF900A
:109A90009F908F9008956D3089F3CC88AD888F8921
:109AA0008823C1F08C859D8536E0C39E800D911D75
:109AB0001124488559854817590764F44E855F85F8
:109AC0001D861C8638E0A39EC0011124840F951FBB
:109AD0009F878E87EA88FB88088919894E855F856C
:109AE0006C857D85CE010E94F94A2C898C859D85E7
:109AF00046E0249F800D911D11249D878C87BECF49
:109B00006A3069F41D861C86FC013896E4912D8923
:109B10008E859F85E29F800D911D1124ADCF6D3004
:109B200009F4ACCFFC0134963491631708F4A6CF46
:109B30003296E491E61708F4A1CFFC0132968590A5
:109B40009490462F431B342F47E0349F800C911C88
:109B50001124F401329634913196E4913323A9F122
:109B6000EE2399F1CC88F4013596E491AD884F89C4
:109B7000442301F10E2E000CFF0BE30FF11DCE9ECE
:109B8000A001CF9E500D11246C857D85460F571F77
:109B900068857985641775076CF44E855F851D8629
:109BA0001C86FC013896E491AE9E400D511D112497
:109BB0005F874E87EA88FB88088919894E855F850B
:109BC0006C857D85CE010E94F94AF4013496E491BA
:109BD0002C898C859D85E29F800D911D11248DCF50
:109BE0006F927F928F929F92AF92BF92CF92DF92AD
:109BF000EF92FF920F931F93CF93DF93EC016B01D2
:109C00005A0139014801E881F9810284F385E02D88
:109C10001995E881F9810288F389E02D8701930184
:109C2000A501B601CE011995A501480D591D415058
:109C30005109E881F9810288F389E02D9301B60189
:109C4000CE011995E881F9810088F189E02D940110
:109C5000A501B601CE011995C60CD71CB6016150FD
:109C60007109E881F9810088F189E02D9401A5014D
:109C7000CE011995E881F9810688F789E02DCE019A
:109C8000DF91CF911F910F91FF90EF90DF90CF90D8
:109C9000BF90AF909F908F907F906F9019946F922C
:109CA0007F928F929F92AF92BF92CF92DF92EF926C
:109CB000FF920F931F93CF93DF935C01EB016A0137
:109CC000490138018701DC01ED91FC9162177307AE
:109CD00019F5641675062CF0962D872D3A01C92EBC
:109CE000D82E9601261937092F5F3F4F048CF58D2A
:109CF000E02DA301BE01C5011995DF91CF911F9100
:109D00000F91FF90EF90DF90CF90BF90AF909F901A
:109D10008F907F906F9008954615570591F4261700
:109D2000370724F0892D4B01C22FD82F9E01281907
:109D300039092F5F3F4F068CF78DE02DA601B40146
:109D4000DACF0284F385E02D1995D501ED91FC91D0
:109D50000488F589E02D83019401A601BE01C501A7
:109D60001995D501ED91FC910688F789E02DC50183
:109D7000DF91CF911F910F91FF90EF90DF90CF90E7
:109D8000BF90AF909F908F907F906F901994EF92BB
:109D9000FF920F931F93DC011A960D911C911B9754
:109DA00018962D913C911997ED91FC9100A0F1A18D
:109DB000E02D7B0150E040E070E060E019951F91DC
:109DC0000F91FF90EF9008954F925F926F927F9264
:109DD0008F929F92AF92BF92CF92DF92EF92FF92BB
:109DE0000F931F93CF93DF936C012B015A0139011D
:109DF0004801DC01ED91FC910284F385E02D199579
:109E0000E201640C751CD601ED91FC91C615D705D5
:109E10005CF40088F189E02D87019401A501BE0161
:109E2000C60119952196EFCF0688F789E02DC60166
:109E3000DF91CF911F910F91FF90EF90DF90CF9026
:109E4000BF90AF909F908F907F906F905F904F905A
:109E500019948F929F92AF92BF92CF92DF92EF921E
:109E6000FF920F931F93CF93DF93EC015B014A01A5
:109E70006901E881F9810284F385E02D1995950146
:109E80002C0D3D1D21503109E881F9810488F589A7
:109E9000E02D78018401A401B501CE011995E88176
:109EA000F9810688F789E02DCE01DF91CF911F91CE
:109EB0000F91FF90EF90DF90CF90BF90AF909F9069
:109EC0008F9019948F929F92AF92BF92CF92DF9210
:109ED000EF92FF920F931F93CF93DF93EC015B01FF
:109EE0004A0169017801E881F9810284F385E02D56
:109EF0001995C80CD91C860101501109E881F98116
:109F00000488F589E02D9501A401B501CE011995CC
:109F1000E881F9810688F789E02DCE01DF91CF91A4
:109F20001F910F91FF90EF90DF90CF90BF90AF9077
:109F30009F908F9019940895EF92FF920F931F9323
:109F4000DC01ED91FC9100A0F1A1E02D19951F918C
:109F50000F91FF90EF9008950F931F93DC01ED9107
:109F6000FC91068CF78DE02D19951F910F910895A6
:109F70000F931F93DC01ED91FC91048CF58DE02D86
:109F800019951F910F910895DC01ED91FC910084CA
:109F9000F185E02D19942F923F924F925F926F922C
:109FA0007F928F929F92AF92BF92CF92DF92EF9269
:109FB000FF920F931F93CF93DF9300D000D0CDB7C4
:109FC000DEB73C016A013E832D83FC82EB8258019F
:109FD000A41AB50AB7FE03C0B194A194B1088D804C
:109FE0009E80861A970A97FE03C0919481949108E7
:109FF0008A149B045CF0902F812F0D811E819D831C
:10A000008E839C2D8D2D6B01692F782F0C151D05CE
:10A010005CF09D818E817E836D83692F782F902FD8
:10A02000812F8601C92ED82E1601201A310A2B0144
:10A030002D813E81421A530A57FE03C05194419428
:10A040005108710137FE03C03FEFE31AF30AF5949C
:10A05000E7948D819E81861797075CF5A1E0B0E0BB
:10A06000BA83A983C016D1064CF1D301ED91FC91BE
:10A070000484F585E02D2B813C81A8016D817E81D2
:10A080008A149B041CF04D815E81B801C3011995AF
:10A09000E418F508F7FE0AC02D813E8189819A8176
:10A0A000280F391F3E832D83E20CF31C0F5F1F4FD7
:10A0B000D9CF2FEF3FEF3A832983D4CF26960FB61F
:10A0C000F894DEBF0FBECDBFDF91CF911F910F91EE
:10A0D000FF90EF90DF90CF90BF90AF909F908F90C8
:10A0E0007F906F905F904F903F902F900895AF9228
:10A0F000BF92CF92DF92EF92FF920F931F93CF9375
:10A10000DF936B017A01EC01C751D44F28813CE009
:10A11000389F8001399F100D1124A090E80BB12CBD
:10A1200027FF1FC0FB011182108288818F5F888307
:10A1300088819801280F311D87FD3A95F6012A156F
:10A140003B051CF488818C30C4F180819181049698
:10A1500080349C4908F473C0F60180819181049693
:10A1600070C088819801280F311D87FD3A952A1506
:10A170003B05DCF68881A801480F511D87FD5A95E3
:10A18000FA01EE0FFF1FE40FF51FE85AF44F80812C
:10A1900086FFCBCF8881F801E80FF11D87FDFA9586
:10A1A000CF01EE0FFF1FE80FF91FE85AF44F80812F
:10A1B00060E08F730E940943B8CF8081918128812C
:10A1C000A801420F511D27FD5A959A01FA01EE0F81
:10A1D000FF1FE20FF31FE85AF44F21813281820FF3
:10A1E000931FF7019183808388819801280F311D87
:10A1F00087FD3A95F901EE0FFF1FE20FF31FE85AB2
:10A20000F44F808186FF22C08881080F111D87FDD1
:10A210001A95F801EE0FFF1FE00FF11FE85AF44FF7
:10A22000808161E08F73DF91CF911F910F91FF903B
:10A23000EF90DF90CF90BF90AF900C94094380E4F3
:10A240009CE9F701918380838FEF8883DF91CF9121
:10A250001F910F91FF90EF90DF90CF90BF90AF9044
:10A26000089508952091350B260F3327331F21328F
:10A270003105ECF420913710FC0190E080E02430AF
:10A2800069F082E00895A091350B2191AC014B5EFD
:10A29000544FA40FB52FB11D2C930196861798F338
:10A2A0008091350B680F6093350B80E0089581E055
:10A2B00008959B01AC0160E074E284EF90E00E949D
:10A2C000D591205131094109510956954795379546
:10A2D00027952093B80008951092371081E080935D
:10A2E00036101092111061E084E10E94094361E090
:10A2F00085E10E940943E9EBF0E080818E7F808355
:10A3000080818D7F808388E48093B80085E480938A
:10A31000BC0008951092101010920F1010923E1071
:10A32000109260100E946C5181EF90E490930E1097
:10A3300080930D1082EF90E490930C1080930B109B
:10A340000895CF93DF9391E09093140B8823B9F095
:10A35000C091B800D091BA008091BC008A7B8093F4
:10A36000BC0060E084E10E94094360E085E10E9456
:10A3700009430E946C51D093BA00C093B800DF919A
:10A38000CF9108958F929F92AF92BF92CF92DF921A
:10A39000EF92FF920F931F93CF93DF93D0916010B2
:10A3A000D13208F0D7C0182FC0915F100E943D45F0
:10A3B0006B017C018091371081116BC082E080932A
:10A3C0003710109336108FEF8093351010923410A1
:10A3D000D0933310AFE3B0E1E3E1F0E180E0D813D4
:10A3E00091C01092121080911210CC0FC82BC09304
:10A3F000121080911110813009F088C01092111054
:10A400000E943D456B017C01809112108093BB003E
:10A410008091391090913A10A0913B10B0913C106E
:10A42000892B8A2B8B2BA1F00E943D45009139107E
:10A4300010913A1020913B1030913C106C197D091D
:10A440008E099F09061717072807390708F442C025
:10A450008091BC0083FDD8CF85EC8093BC000E9426
:10A460003D456B017C0180913710823009F450C06A
:10A47000809135108F3F09F46FC080913510803284
:10A4800009F46CC080913510803309F469C084E010
:10A4900026C08091391090913A10A0913B10B09154
:10A4A0003C10892B8A2B8B2B09F484CF0E943D45CD
:10A4B0008090391090903A10A0903B10B0903C10D2
:10A4C0006C197D098E099F0986169706A806B9069C
:10A4D00008F070CF809138100E94A15185E0109251
:10A4E0003E101092601010923D10DF91CF911F919D
:10A4F0000F91FF90EF90DF90CF90BF90AF909F9023
:10A500008F9008959D9191938F5F69CF85EEA5CF30
:10A510008091391090913A10A0913B10B0913C106D
:10A52000892B8A2B8B2B09F49ECF0E943D450091ED
:10A53000391010913A1020913B1030913C106C1959
:10A540007D098E099F09061717072807390708F0A4
:10A550008ACFC0CF81E0C3CF80E0C1CF82E0BFCF40
:10A5600083E0BDCFAF92BF92CF92DF92EF92FF9286
:10A570000F931F93CF93DF93DA01A00FB11FEC016C
:10A58000EC81FD81EA17FB0710F490E01CC0690123
:10A590007A015B0188810E94E740012B01F58981E6
:10A5A0009A81DC01ED91FC910280F381E02DA701FD
:10A5B000B5011995E816F90641F781E00E94C251EC
:10A5C00091E08111E2CF892FDF91CF911F910F91FF
:10A5D000FF90EF90DF90CF90BF90AF900895C1149F
:10A5E000D104E9F289819A81DC01ED91FC9102802C
:10A5F000F381E02D41E050E0B6011995019729F66D
:10A60000CECF2F923F924F925F926F927F928F9216
:10A610009F92AF92BF92CF92DF92EF92FF920F93F1
:10A620001F93CF93DF9300D000D000D01F92CDB7FF
:10A63000DEB77C0180E48D83D70116962D913C9185
:10A64000C901079697FD079673E0959587957A95CA
:10A65000E1F78987F70144815581242F83A594A5CB
:10A6600097FD079663E0959587956A95E1F7382EF3
:10A67000D70199964C90241508F4442EF70165A54E
:10A6800076A577FD60E0DA01BB27B887AF83842C1D
:10A69000912C5401489FA00CB11C11242F5F260F50
:10A6A0002A87B9853B1608F089C0F701C7A0D0A456
:10A6B000CA0CDB1C84815A84581A5418058CF68DF8
:10A6C000E02D90EB930DD701DA968C919401280F31
:10A6D000311D44E0359527954A95E1F7205F840DBB
:10A6E0008F70309709F448C064807580B1E06B1AB0
:10A6F00071081A8219829A832B838C83F701678DE4
:10A7000070A181A192A10E94595110E000E030E0B7
:10A7100020E044E050E0BE016F5F7F4FD7015D96BF
:10A720008D919C910E94B2526E825520B1F02E8084
:10A73000521408F4252C622C712C01E010E09E01CB
:10A740002B5F3F4FA301B601F701858D968D0E94C7
:10A75000B252C60CD71C5218E8CFD70193966D9110
:10A760007D918D919C9196970E9459513394EF81E0
:10A77000F885AE0EBF1E95CF99832A838B8360E048
:10A78000F70181A90E94094343E050E0BE016F5FD9
:10A790007F4FD7015B968D919C910E94804961E02B
:10A7A000F70181A90E940943452D50E0B601D70168
:10A7B0005B968D919C910E948049D8CF80E094E077
:10A7C000D7019A969C938E9399979C969C938E937F
:10A7D0009B978FEF9FEF9E969C938E939D97D0961D
:10A7E0009C938E939F972A960FB6F894DEBF0FBE68
:10A7F000CDBFDF91CF911F910F91FF90EF90DF9030
:10A80000CF90BF90AF909F908F907F906F905F9010
:10A810004F903F902F9008950F931F93CF93DF9306
:10A8200000D0CDB7DEB78C016B83FC01858D968D92
:10A830000097B1F01A8219826A8310E000E030E0DC
:10A8400020E042E050E0BE016F5F7F4F0E94B252B5
:10A850000F900F900F90DF91CF911F910F9108955E
:10A8600060E081A90E94094341E050E0BE016D5FB4
:10A870007F4FF801838D948D0E948049E9CF61114B
:10A8800003C066EA0C940C5467EAFCCFE091101008
:10A8900080910F10E81730F4F0E0EC50F54F808114
:10A8A00090E008958FEF9FEF0895909110108091A0
:10A8B0000F102FEF3FEF981748F4E92FF0E0EC501E
:10A8C000F54F208130E09F5F90931010C9010895EB
:10A8D00080910F1090911010891B990B0895CF92C1
:10A8E000DF92EF92FF920F931F93CF93DF937C0140
:10A8F000CB018A0120913D10222389F0EB016B01ED
:10A90000C40ED51ECC15DD0569F06991D701ED9116
:10A91000FC910190F081E02DC7011995F3CF642FD0
:10A920000E943251C801DF91CF911F910F91FF908A
:10A93000EF90DF90CF900895CF93DF931F92CDB724
:10A94000DEB7698320913D102223F9F02091601039
:10A95000203258F021E030E0FC013383228390E084
:10A9600080E00F90DF91CF91089580913E10E82F05
:10A97000F0E0E15CFF4E998190838F5F80933E1001
:10A980008093601081E090E0ECCF61E0CE01019611
:10A990000E943251F7CF682F81E690E10C949C54CD
:10A9A000CF93C82F846090E00E94CB548C2F90E00E
:10A9B0008B7FCF910C94CB5481E00C94C251CF93F8
:10A9C000DF93EC018B81882371F088810E94E7403E
:10A9D00089819A810E94DC5491E0811190E0892F55
:10A9E000DF91CF9108950E948A5181E08B83CE013F
:10A9F0000E94DF54982F8111E8CFF1CFCF92DF92E0
:10AA0000EF92FF921F93CF93DF93EC016B01142F12
:10AA10008D8D9E8D892B09F447C089A10E94E74046
:10AA20008D8D9E8DDC01ED91FC910190F081E02DEA
:10AA300060E019957601CC24C394D12C11508D8DF2
:10AA40009E8D1F3F41F1B0E2CB16D10490F00E94E1
:10AA5000DC5489A10E94E7408D8D9E8DDC01ED9133
:10AA6000FC910190F081E02D60E01995CC24C39415
:10AA7000D12C8D8D9E8DF7016491DC01ED91FC91BF
:10AA80000190F081E02D1995BFEFCB1ADB0AEFEFB3
:10AA9000EE1AFE0AD3CFDF91CF911F91FF90EF9076
:10AAA000DF90CF900C94DC54EDA5FEA590818BA98E
:10AAB0008095892380837B01115070F1F701849187
:10AAC0002B8D3C8D232B31F00E947649FFEFEF1A3E
:10AAD000FF0AF2CF28E030E040E8E9A5FAA599A9FD
:10AAE000582F5423A9F05081952B9083EBA5FCA5FA
:10AAF00090815AA9952B9083EBA5FCA550819AA92A
:10AB000090959523908346952150310931F7DECFFA
:10AB1000508190959523E9CFDF91CF911F91FF90C0
:10AB2000EF90DF90CF9008951F93CF93DF93EC01C8
:10AB30008D8D9E8D892BF9F0162F89A10E94E740FB
:10AB40008D8D9E8DDC01ED91FC910190F081E02DC9
:10AB500060E019958D8D9E8DDC01ED91FC91019049
:10AB6000F081E02D612F19958D8D9E8DDF91CF9114
:10AB70001F910C94DC54ADA5BEA59C918BA980952A
:10AB800089238C938B8D9C8D892B31F0862FDF91BF
:10AB9000CF911F910C94764928E030E080E8A9A578
:10ABA000BAA599A9462F4823C1F04C91942B9C93A8
:10ABB000ABA5BCA59C914AA9942B9C93ABA5BCA525
:10ABC0004C919AA9909594239C9386952150310994
:10ABD00031F7DF91CF911F9108954C919095942377
:10ABE000E6CF1F93CF93DF93EC01162F8D8D9E8DB3
:10ABF000892BC9F06DA97EA98FA998AD0E945951E2
:10AC000066EA111167EACE010E9494558D8D9E8DE2
:10AC1000892BC9F069AD7AAD8BAD9CADDF91CF9139
:10AC20001F910C9459518B8D9C8D892B21F08EADE9
:10AC30009FAD0E947D49EFA5F8A990818CA98095D0
:10AC400089238083DDCFEFA5F8A980819CA9892B7A
:10AC50008083DF91CF911F9108950F931F93CF931E
:10AC6000DF938C01C62FD42FFC0184810E94E74022
:10AC70008C2F807F8D2BF8019585892B0E94D054D5
:10AC8000F0E1CF9FC0011124F8019585892B8D2B10
:10AC90000E94D05481E690E1DF91CF911F910F91F6
:10ACA0000C94DC54CF93DF9300D000D01F921F92FE
:10ACB000CDB7DEB728E0E5E4F2E0DE0111960190C1
:10ACC0000D922A95E1F7FC012385241710F44FEF2C
:10ACD000420F50E0440F551F21E030E02C0F3D1F84
:10ACE000420F531FFA012081620F606840E02896EE
:10ACF0000FB6F894DEBF0FBECDBFDF91CF910C949D
:10AD00002D56CF93DF93EC0140E061E00E942D5679
:10AD10008BE39FE10197F1F78985882339F040E0C3
:10AD200060E0CE01DF91CF910C945256DF91CF912C
:10AD3000089541E00E942D5681E090E008950F9320
:10AD40001F93CF938C01C62FFC0184810E94E740A2
:10AD5000C07FF80185858C2B0E94D05481E690E15C
:10AD6000CF911F910F910C94DC54AF92BF92CF9270
:10AD7000DF92FF920F931F93CF93DF936C01F62E18
:10AD8000172F042FFC0184810E94E740CF2DD12F83
:10AD900010E05E01A00EB11EF12CCA15DB0509F111
:10ADA0008991F60195859160807F892B0E94D0540E
:10ADB000FE0131972081F0E12F0290011124F6016C
:10ADC00085858160822B0E94D054F394F7E0FF15B3
:10ADD00020F780E00E94C251F60184810E94E74082
:10ADE000DBCF81E690E10E94DC54C8010197DF913E
:10ADF000CF911F910F91FF90DF90CF90BF90AF90B8
:10AE0000089590E080E00895CF93DF93FC012381C3
:10AE1000222359F1EC0161E084810E94374361E013
:10AE20008D810E9437438B81843011F08830B1F4DA
:10AE300061E08E810E94374361E08F810E94374339
:10AE40008FA58F3F91F061E00E9437436EA581E0AE
:10AE500068278FA5DF91CF910C940943833011F0BF
:10AE6000863071F761E08E81E9CFDF91CF9108954F
:10AE7000CF93DF93FC0123812223A9F0EC01019001
:10AE8000F081E02D0480F581E02D60E019958FA51B
:10AE90008F3F49F061E00E9437436EA58FA5DF9197
:10AEA000CF910C940943DF91CF910895DC01ED918E
:10AEB000FC911197248135814770552766277727A4
:10AEC000415051096109710947305105610571050A
:10AED00070F4FA018827E059F84A8F4F0C942292B7
:10AEE0007B577D577F57815783578557875761E039
:10AEF000CD01F901199465E0FBCF64E0F9CF66E07C
:10AF0000F7CF62E0F5CF6AE0F3CF68E0F1CF69E018
:10AF1000EFCFCF93DF93EC01CB01BA0126E030E015
:10AF200040E050E00E94A3916230710581059105D7
:10AF300089F16CF46115710581059105D1F06130DD
:10AF4000710581059105F9F0DF91CF910895643085
:10AF500071058105910561F124F165307105810567
:10AF6000910591F7E881F9810480F581E02D66E093
:10AF700006C0E881F9810480F581E02D64E0CE010E
:10AF8000DF91CF911994E881F9810480F581E02D5A
:10AF900065E0F5CFE881F9810480F581E02D61E07D
:10AFA000EECFE881F9810480F581E02D63E0E7CF01
:10AFB000E881F9810480F581E02D62E0E0CFDC01D9
:10AFC000ED91FC910480F581E02D437055276627B3
:10AFD0007727423051056105710571F04330510505
:10AFE0006105710559F0413051056105710511F098
:10AFF00065E0199466E0FDCF6AE0FBCF69E0F9CF28
:10B00000CF93DF93EC01CB01BA0123E030E040E0C5
:10B0100050E00E94A391613071058105910599F07E
:10B020006230710581059105A9F0672B682B692BAA
:10B03000C1F4E881F9810480F581E02D64E0CE015E
:10B04000DF91CF911994E881F9810480F581E02D99
:10B0500061E0F5CFE881F9810480F581E02D62E0BF
:10B06000EECFDF91CF910895DC01ED91FC9104804A
:10B07000F581E02D4370552766277727423051052B
:10B080006105710571F0433051056105710559F095
:10B09000413051056105710511F062E0199463E0DA
:10B0A000FDCF61E0FBCF60E0F9CFCF93DF93EC0100
:10B0B000E881F9810480F581E02D8A8160E08111C9
:10B0C00062E0CE011995E881F9810480F581E02DD7
:10B0D0008A8161E0811163E0CE0119958CA59DA55F
:10B0E0000E948044E881F9810480F581E02D8A8105
:10B0F00060E0811162E0CE01DF91CF911994CF938E
:10B10000DF93EC0120E030E0A9016C897D898E8914
:10B110009F890E943F9318162CF4E8A9F9A9DF91A2
:10B12000CF911994EAA9FBA9FACFCF92DF92EF92BF
:10B13000FF920F931F93CF93DF93DC011396CC9173
:10B14000C43039F0C83059F1C33019F0C63049F174
:10B15000C2E08C010C5F1F4FF12CE12CC62ED12CCC
:10B16000D1E0F8016481C6010E2C02C09595879547
:10B170000A94E2F780FD6D270F5F1F4F80810E94C8
:10B180000943BFEFEB1AFB0AEC1658F3DF91CF919E
:10B190001F910F91FF90EF90DF90CF900895C4E042
:10B1A000D8CFC3E0D6CFDC011396EC911397E930EA
:10B1B00008F042C0F0E08827EF51F74A8F4F0C9417
:10B1C0002292EA58F258F958005907591C590E5959
:10B1D0001C591559ED91FC9111970084F185E02DD2
:10B1E000CD011994ED91FC9111970284F385E02D26
:10B1F000F7CFED91FC9111970484F585E02DF0CF08
:10B20000ED91FC9111970684F785E02DE9CFED9142
:10B21000FC9111970088F189E02DE2CFED91FC912E
:10B2200011970288F389E02DDBCFED91FC91119706
:10B230000488F589E02DD4CF08954F925F926F92E4
:10B240007F928F929F92AF92BF92CF92DF92EF92B6
:10B25000FF920F931F93CF93DF93EC01C888D98897
:10B26000EA88FB888C859D85AE85BF85C81AD90A7A
:10B27000EA0AFB0A6C897D898E899F899B01AC0152
:10B280000E94CF904B015C016C8D7D8D8E8D9F8DCA
:10B290009B01AC010E942B929B01AC01C501B40142
:10B2A0000E9497920E940993C114D104E104F10411
:10B2B00009F0B1C062307105810591050CF0CBC079
:10B2C0001CA21DA21EA21FA21C8A1D8A1E8A1F8AE2
:10B2D0001CAA1DAA1EAA1FAADF91CF911F910F9130
:10B2E000FF90EF90DF90CF90BF90AF909F908F90A6
:10B2F0007F906F905F904F90089510161106120680
:10B300001306B4F46C157D058E059F051CF42A8187
:10B310002111A1C09B01AC0188279927DC01821B68
:10B32000930BA40BB50B8CAB9DABAEABBFAB93C07B
:10B33000011511052105310509F48DC06C157D0538
:10B340008E059F050CF087C08A81882309F483C08D
:10B3500030952095109501951F4F2F4F3F4F0CAB07
:10B360001DAB2EAB3FAB77C0011511052105310593
:10B3700009F471C08824992454018C189D08AE08E2
:10B38000BF08681579058A059B050CF064C08A81A1
:10B39000811161C0DDCFCCACDDACEEACFFACA70160
:10B3A0009601C701B6010E942B922B013C01C501F9
:10B3B000B4010E94709020E030E040E850E40E9428
:10B3C000CF9020E030E040E85FE30E942B929B01A9
:10B3D000AC01C301B2010E9497929B01AC01C7016D
:10B3E000B6010E942A923B016C01FE01E05CFF4F16
:10B3F000E080F180028113819701A8010E943F93B0
:10B40000181614F473018601C701D8018CAF9DAFE3
:10B41000AEAFBFAF3AC00CA91DA92EA93FA91C14FD
:10B420001D041E041F040CF468CF1016110612062A
:10B4300013060CF099CF0027112798010C191D094C
:10B440002E093F0960177107820793070CF062CF3E
:10B450002A8121115FCF8CA89DA8AEA8BFA8811416
:10B460009104A104B10409F096CF88AD99ADAAADBD
:10B47000BBAD8CAF9DAFAEAFBFAF81E01C141D0460
:10B480001E041F040CF080E08A833FEF831A930AA6
:10B49000A30AB30A8CAA9DAAAEAABFAACCACDDAC03
:10B4A000EEACFFACC701B6010E9410936CA37DA364
:10B4B0008EA39FA3A701960160E074E284E799E45C
:10B4C0000E9497926C8B7D8B8E8B9F8B2A81211192
:10B4D00003CF90586C8B7D8B8E8B9F8BFDCECF9244
:10B4E000DF92EF92FF920F931F93CF93DF93EC01C4
:10B4F0006A017B0120E030E0A901CB01B6010E9486
:10B50000699087FF04C0F7FAF094F7F8F094A70168
:10B510009601688D798D8A8D9B8D0E946990882314
:10B5200009F446C0C88ED98EEA8EFB8E8E01005C6F
:10B530001F4FA701960160E074E284E799E40E943E
:10B540009792F80160837183828393838CA99DA96C
:10B55000AEA9BFA9181619061A061B064CF56C8968
:10B560007D898E899F899B01AC010E94CF906B01E0
:10B570007C016C8D7D8D8E8D9F8D9B01AC010E9419
:10B580002B929B01AC01C701B6010E9497920E94C9
:10B5900009936CAB7DAB8EAB9FABCE01DF91CF91AE
:10B5A0001F910F91FF90EF90DF90CF900C941D5959
:10B5B000DF91CF911F910F91FF90EF90DF90CF908F
:10B5C00008958F929F92AF92BF92EF92FF920F9346
:10B5D0001F93CF937C018B01C42F0E949445F801E7
:10B5E00080809180A280B380DC01CB018819990909
:10B5F000AA09BB094C2F50E070E060E08417950762
:10B60000A607B70748F0F70119950E949445F8017D
:10B610006083718382839383CF911F910F91FF90F9
:10B62000EF90BF90AF909F908F9008952091DE0A89
:10B630003091DF0A280F391F81E02134364008F0AD
:10B6400080E00895FC0180818823F9F084818823BB
:10B65000E1F08181811119C081E081838281938130
:10B66000FC014089518962897389403659476E4F80
:10B670007F4F59F040E659E76EEF7FEFFC01408BBA
:10B68000518B628B738B0C941D5908954F925F926E
:10B690006F927F928F929F92AF92BF92CF92DF92E2
:10B6A000EF92FF920F931F93CF93DF93D12CA7E1DB
:10B6B000CA2E08E810E0B8E5EB2EB2E0FB2EC4EB92
:10B6C0004C2E512C612C712C80919D04D81608F0C1
:10B6D00096C0C0919B04D0919C04DC9CC00DD11DF0
:10B6E000112489899A89AB89BC894D855E856F85CE
:10B6F000788984179507A607B70709F47AC0481711
:10B7000059076A077B070CF076C00197A109B109B8
:10B71000898B9A8BAB8BBC8BA989BA89A03282E0CA
:10B72000B807ACF52B854801821A910827FD939440
:10B73000880C991C880C991C092C000CAA08BB08C1
:10B740002C85C701821B910927FD93959C01220F2F
:10B75000331F220F331F032E000C440B550B2819E7
:10B7600039094A095B09A53BB10514F0A4EBB0E027
:10B77000B7FF02C0B0E0A0E00E94CD91A30192010A
:10B780000E94A391820E931EA41EB51ED401EA85C9
:10B79000E03378F52B85C801821B910927FD93952D
:10B7A0009C01220F331F220F331FA217B3077CF017
:10B7B0002C85C701821B910927FD93959C01220FBF
:10B7C000331F220F331FA217B3070CF49D01225021
:10B7D0003109220F331F4FB7F8948E2F90E0FC01F0
:10B7E000EE0FFF1FE80FF91FE85AF44F3283218351
:10B7F0004FBFD39469CF0196A11DB11D89CFDF91B1
:10B80000CF911F910F91FF90EF90DF90CF90BF905D
:10B81000AF909F908F907F906F905F904F90089522
:10B820008BE891E00197F1F70895EF92FF920F9363
:10B830001F93CF93DF93EC01162FE42EFF24F39494
:10B84000442311F080E8F82E08E061E08A810E942C
:10B8500037430E94105C61E08F2D812309F060E086
:10B8600089810E9437430E94105C60E08A810E94B7
:10B8700037430E94105CEE2081F1110F015029F72F
:10B8800061E08A810E94374360E089810E943743EA
:10B890000E94105C60E08A810E9437430E94105C25
:10B8A00089810E94E042182F811104C061E08981E2
:10B8B0000E9437430E94105C61E08A810E943743F6
:10B8C0000E94105C81E0111101C080E0DF91CF91F6
:10B8D0001F910F91FF90EF9008951695CFCFCF93C2
:10B8E000DF93EC0161E089810E9437430E94105C84
:10B8F00060E08A810E9437430E94105C60E0898189
:10B900000E943743DF91CF910C94105C61E0FC0101
:10B9100081810E9437430C94105CAF92BF92CF920A
:10B92000DF92EF92FF920F931F93CF93DF93EC017F
:10B93000162F042FAC880E94865C40E060E4CE01A4
:10B940000E94155CCE010E946F5C10958C89180FC7
:10B95000C02ED12CE12EF12C84E0B12EA81631F0AE
:10B96000F601EE0DFF1DEF54FD4FB080CE010E9499
:10B97000865C60EC6B0D40E0CE010E94155C8C890A
:10B98000CE0CDF1C8C151D0414F4082F011B10E0D5
:10B99000DD24DA94D00EEC0EFD1E011781F084E058
:10B9A000ED2DE11BA81201C0E12FEE0DFF2DF11DC1
:10B9B00041E06481CE010E94155C1F5FEECFCE0195
:10B9C000DF91CF911F910F91FF90EF90DF90CF907B
:10B9D000BF90AF900C946F5CEF92FF921F93CF9348
:10B9E000DF93EC01162F8C8180FF10C0603170F462
:10B9F0006D837E0184E0E80EF11C612F61708991F6
:10BA00000E9409431695EC16FD06B9F7DF91CF9118
:10BA10001F91FF90EF900895DC01842FE091950431
:10BA2000F0919604309719F04D915C911994089516
:10BA30004F925F926F927F928F929F92AF92BF923E
:10BA4000CF92DF92EF92FF920F931F93CF93DF93EA
:10BA5000F12C6FE1E62E80919104F81608F0EAC00F
:10BA6000C0918F04D0919004FE9CC00DD11D112473
:10BA70008A81882309F4B2C088810E94E0428C0147
:10BA800089810E94E0426C010E9494454B015C0157
:10BA900081E090E0CD2811F090E080E0880F991FC0
:10BAA00021E0012B09F020E0922F982B4B8D5C8D2B
:10BAB0006D8D7E8D95018401041B150B260B370BB4
:10BAC000B901A801453651056105710508F488C022
:10BAD0008885823008F484C08B8E9C8EAD8EBE8E9D
:10BAE00081508887EE859E1709F445C0888503E359
:10BAF00010E0873010F401E010E06D8524E0E202F0
:10BB0000F0011124492F092E000C550BE42BF52BC5
:10BB1000EE55FD4F708170039001719F300D11241F
:10BB2000062E02C0220F331F0A94E2F7EF85F88930
:10BB30002E0F3F1F388B2F874C0F5D1FFA01418559
:10BB40004423C1F04B885C886D887E884F8A588E6C
:10BB5000698E7A8E8B8A9C8AAD8ABE8A02C03595A0
:10BB600027956A95E2F73A8B298B8C3008F08BE0A9
:10BB70008F5F88879E8709891A898D819E81081722
:10BB8000190761F19801281B390BC901E0918D0457
:10BB9000F0918E046901CC0CDD1C309709F447C08C
:10BBA0006B817C812F5C3F4F23363105D0F597FDAB
:10BBB0002FC080E01995C00ED11E31E4C3163FE1BD
:10BBC000D30654F08F85988983709927988B8F8737
:10BBD0001A8A198A10E000E01E830D83F3943BCF8C
:10BBE0004F89588D698D7A8D95018401041B150B41
:10BBF000260B370BB901A801453F5140610571057E
:10BC000008F470CF8B8E9C8EAD8EBE8E18866ACF58
:10BC100082E01995C8018C199D09803C904E94F2E0
:10BC2000DBCF97FD02C081E0C5CF83E0F2CF37FDC7
:10BC3000F1CFC1CFDF91CF911F910F91FF90EF9086
:10BC4000DF90CF90BF90AF909F908F907F906F903C
:10BC50005F904F900895CF92DF92EF92FF920F93F3
:10BC60001F93CF93DF936C017A0180918B049091A5
:10BC70008C04892B31F1D60113968C9100E181FD62
:10BC800008E0EB01CE25DF2510E0C0FF13C0809156
:10BC90008B0490918C04892B69F0E0918904F091D8
:10BCA0008A04309739F0D6014D915C91612F8E2D29
:10BCB00081701995D695C795F694E7941F5F011387
:10BCC000E4CFDF91CF911F910F91FF90EF90DF9024
:10BCD000CF900895AF92BF92CF92DF92EF92FF92F2
:10BCE0000F931F93CF93DF931F92CDB7DEB7C09012
:10BCF0008B04D0908C04C114D10409F43FC0FC0122
:10BD0000238130E1B32E21FF02C028E0B22EA62EFF
:10BD10008C01F60185818683F12CE12CBA946B2D80
:10BD2000C6010E94EC5CF80182810E94E042898396
:10BD3000F80182810E94E0428983EE0CFF1C298178
:10BD400081E090E0211102C090E080E0E82AF92A29
:10BD5000B110E4CFF6016681C6010E94EC5CF801E7
:10BD6000648175816E157F0549F0AA2021F0A70135
:10BD7000C8010E942B5EF801F582E4820F90DF91EA
:10BD8000CF911F910F91FF90EF90DF90CF90BF90D8
:10BD9000AF900895CF93DF93C0E0D6E08091880400
:10BDA000C81768F4809186049091870461E0CD9F64
:10BDB000800D911D11240E946A5ECF5FEFCFDF914D
:10BDC000CF910895E0918404F0918504309751F06B
:10BDD000DC0113962C911397222321F06D917C9115
:10BDE00081E019940895E0918404F09185043097DE
:10BDF00051F0DC0113962C911397211104C06D9121
:10BE00007C9180E0199408950F931F93CF93DF9353
:10BE100010E005E080918304181730F5C09181048B
:10BE2000D0918204109FC00DD11D11248C818823D4
:10BE300099F08A810E94E0429B81891769F091E024
:10BE4000811101C090E09B839C81811107C09923DF
:10BE500019F0CE010E94F35E1F5FDCCF9923E1F35E
:10BE6000CE010E94E25EF8CFDF91CF911F910F913A
:10BE70000895FC01A08DB0E01396AA0FBB1FA80F78
:10BE8000B91F868997892D913C91821B930B978BC3
:10BE9000868B8281863308F0865320917B00982F11
:10BEA0009870277F922B90937B008770806480939B
:10BEB0007C0080917A00806480937A0080917A007F
:10BEC00086FDFCCF8091780090917900A08DB0E044
:10BED0001396AA0FBB1FAE0FBF1F8D939C93A08D0F
:10BEE000B0E01396AA0FBB1FAE0FBF1F86899789BC
:10BEF0002D913C91820F931F978B868B808D8F5F46
:10BF0000808F808D8770808F0895CF93DF93C0E0FE
:10BF1000DEE180918004C81778F480917E049091CE
:10BF20007F04CD9F800D911D1124FC01258D2111D1
:10BF30000E94395FCF5FEDCFDF91CF910895CF930E
:10BF4000DF93C0E0DEE180918004C817C8F5A091BE
:10BF50007E04B0917F04CD9FA00DB11D11245D968C
:10BF60008C915D97882351F156968D919C915797AE
:10BF700023E0969587952A95E1F713962D913C91AC
:10BF80001497AC01421B530B9A0157FF03C0319524
:10BF90002195310915964C9115974217130609F012
:10BFA0006CF414969C938E931397E0917C04F0911B
:10BFB0007D04309719F06D917C911995CF5FC3CFB7
:10BFC000DF91CF910895CF93C62FFC0181810E940C
:10BFD000E74081E090E002C0880F991FCA95E2F720
:10BFE0000E94CB5481E690E10E94DC5465E070E051
:10BFF00080E090E0CF910C946245FC0180819181BA
:10C00000892B21F4828193810C94E345848195816D
:10C01000FBCFFC0180819181892B41F40280F38167
:10C02000E02D758764875787468708950480F581DA
:10C03000E02DF7CFFC0180819181892B79F402807A
:10C04000F381E02D818D928D892B29F4868597854A
:10C05000069697878687728F618F08950480F58191
:10C06000E02DF0CFCF92DF92EF92FF920F931F93CC
:10C07000CF93DF93DC012D913C911197232B09F095
:10C08000DAC0FC01C281D3818D8D9E8D892B09F48C
:10C0900069C06DA97EA98FA998AD0E94595145E04C
:10C0A00064ED77E7CE010E94FE546C816150CE01B1
:10C0B0000E9494552E813F81C901079697FD0796EE
:10C0C00023E0959587952A95E1F72C813D81829F04
:10C0D0007001839FF00C929FF00C11240F8D18A11A
:10C0E0008D8D9E8DE00EF11E892B09F460C089A113
:10C0F0000E94E7408D8D9E8DDC01ED91FC910190B9
:10C10000F081E02D60E41995CC24C394D12C8D8D61
:10C110009E8DE016F106B1F1B0E2CB16D10490F09D
:10C120000E94DC5489A10E94E7408D8D9E8DDC0128
:10C13000ED91FC910190F081E02D60E41995CC2403
:10C14000C394D12C8D8D9E8DF80161918F01DC01FE
:10C15000ED91FC910190F081E02D1995BFEFCB1A84
:10C16000DB0AD5CF8B8D9C8D892B21F08EAD9FADB9
:10C170000E947D49EFA5F8A990818CA9809589231B
:10C1800080838DCF0E94DC548D8D9E8D892B09F488
:10C1900043C069AD7AAD8BAD9CADDF91CF911F915E
:10C1A0000F91FF90EF90DF90CF900C945951EDA537
:10C1B000FEA580819BA9892B8083E016F10621F3DF
:10C1C000F80181918F012B8D3C8D232B19F00E945A
:10C1D0007649F3CF28E030E040E8E9A5FAA599A92F
:10C1E000582F5423A9F05081952B9083EBA5FCA5E3
:10C1F00090815AA9952B9083EBA5FCA550819AA913
:10C2000090959523908346952150310931F7D5CFEC
:10C21000508190959523E9CFEFA5F8A980819CA93D
:10C22000892B8083DF91CF911F910F91FF90EF9029
:10C23000DF90CF90089514968D919C91DC01ED9143
:10C24000FC9100A4F1A5E02DDF91CF911F910F91FA
:10C25000FF90EF90DF90CF901994CF92DF92EF9202
:10C26000FF920F931F93CF93DF93EC0160E08881DF
:10C270000E9409430B8110E00115110501F1EC81C9
:10C28000FD81E00FF11F3197E080D980CA8088E0FE
:10C29000F82E6E2D661F6627661F8C2D0E9409439F
:10C2A000EE0C61E08D2D0E94094360E08D2D0E940F
:10C2B0000943FA94F110EDCF01501109DDCF61E08F
:10C2C0008881DF91CF911F910F91FF90EF90DF90C8
:10C2D000CF900C9409439F92AF92BF92CF92DF927E
:10C2E000EF92FF920F931F93CF93DF93EC01C62E33
:10C2F00061E08B810E94094361E08A810E940943C9
:10C3000010E08D81181708F044C0DB80BC8087E006
:10C31000E82EF12C00E061E08D2D0E9409438B2D69
:10C320000E94E0420E2C01C0880F0A94EAF7082B05
:10C3300060E08D2D0E94094381E0E81AF10858F76A
:10C34000A12EB12CEF81F885EA0DFB1DD080D0160F
:10C35000F1F0CC20B9F0912E990C990C990CE02EAB
:10C36000F12C8D2D8E2580FF07C04E2D4170692D3B
:10C370006F0DCE010E940C5DD694E694F39488E094
:10C38000F812EFCFEF81F885EA0DFB1D00831F5FE8
:10C39000B8CF60E08A81DF91CF911F910F91FF901C
:10C3A000EF90DF90CF90BF90AF909F900C94094397
:10C3B000CF93DF93C0E0D9E080919404C81768F46C
:10C3C000809192049091930461E0CD9F800D911D26
:10C3D00011240E946B61CF5FEFCFDF91CF91089561
:10C3E000AF92BF92CF92DF92EF92FF920F931F9383
:10C3F000CF93DF93C0E0D5E080918304C81778F431
:10C400008091810490918204CD9F800D911D112413
:10C41000FC01248121110E94E25ECF5FEDCFC0E0DC
:10C42000D5E080918304C81778F4809181049091BD
:10C430008204CD9F800D911D1124FC0124812111C6
:10C440000E94F35ECF5FEDCF10E059E0C52E8091E2
:10C450009404181708F056C0C0919204D091930428
:10C460001C9DC00DD11D112460E0CE010E946B61A6
:10C47000D12CF12CE12C8D818E151F04E9F0E4F014
:10C48000EF81F885EE0DFF1D808100E0A82EB12C14
:10C4900080FF06C041E06D2D600FCE010E940C5D53
:10C4A000B594A7948A2D0F5F083081F7FFEFEF1A3C
:10C4B000FF0A88E0D80EDFCFD12CF12CE12C8D8142
:10C4C0008E151F04E9F0E4F0EF81F885EE0DFF1DF5
:10C4D000808100E0A82EB12C80FD06C040E06D2DCB
:10C4E000600FCE010E940C5DC501959587950F5F89
:10C4F000083081F7EFEFEE1AFE0AF8E0DF0EDFCF2B
:10C500001F5FA5CF10E006E0809188041817E0F4C3
:10C51000C0918604D0918704109FC00DD11D1124B5
:10C5200060E0CE010E946A5E4C815D8170E060E057
:10C53000CE010E942B5E4C815D816FEF7FEFCE01BB
:10C540000E942B5E1F5FE0CFC0E0DEE1809180049F
:10C55000C81728F5A0917E04B0917F04CD9FA00D4F
:10C56000B11D11245D968C915D978823B1F056968C
:10C570008D919C91579723E0969587952A95E1F7A1
:10C5800014969C938E931397E0917C04F0917D0414
:10C59000309719F06D917C911995CF5FD7CFDF91CE
:10C5A000CF911F910F91FF90EF90DF90CF90BF90B0
:10C5B000AF9008950E948C40882359F081E08093C9
:10C5C0009D1280939E1280919F129091A0120C94C4
:10C5D000DC8F10929E1290E080E00895CF930E942D
:10C5E000DA62C82F0E94DA6261E08F3F910519F08C
:10C5F000009729F460E08C2FCF910C940943BC0183
:10C600008C2FCF910C94A9430E94DA629091F80B81
:10C61000891768F42091F60B3091F70BA9016EE0B1
:10C62000869F400D511D1124CA010C94225B089570
:10C630000F931F930E94DA629091F80B891708F00C
:10C640004DC0E091F60BF091F70B9EE0899FE00D55
:10C65000F11D11248081882309F440C0A281B38197
:10C660001C961D921D921D921C921F9750961D9212
:10C670001D921D921C925397D4961D921D921D924D
:10C680001C92D79794961D921D921D921C9297977B
:10C6900054961D921D921D921C9257978485882353
:10C6A000E9F082819381428550E05195419551098D
:10C6B000052E000C660B770BFC010089118922897D
:10C6C0003389401751076207730741F0408B518B44
:10C6D000628B738B1F910F910C941D591F910F91B9
:10C6E00008958F929F92AF92BF92CF92DF92EF9276
:10C6F000FF921F93CF93DF930E94DA627C010E9426
:10C70000DA62BC0180919D048E151F0409F00CF4BF
:10C71000A8C027E12E9DC0012F9D900D1124C0912E
:10C720009B04D0919C04C80FD91FCD80DE800D2CB6
:10C73000000CEE08FF0889809A80092C000CAA08DA
:10C74000BB082F813885032E000C440B550B2C1988
:10C750003D094E095F09072E000C880B990B6819DB
:10C7600079098A099B090E9406922B813C81032E3C
:10C77000000C440B550B281939094A095B090E9422
:10C78000A391BA01A9014C0D5D1D6E1D7F1D052EE3
:10C79000000C660B770B8D859E85AF85B889841755
:10C7A0009507A607B70709F45CC04D875E876F87BA
:10C7B000788B8985811155C08A85803308F04FC0F8
:10C7C000188161E0812F0E9437438A85282F30E04D
:10C7D000F901EE0FFF1FE20FF31FE85AF44F1F732A
:10C7E0009081907C912B90831B861C862CE0622F7D
:10C7F0000E941692829FB001112430E020E0AB012C
:10C80000420F531FFA01EE0FFF1FE40FF51FE85A06
:10C81000F44F908196FD16C02F5F3F4F2C303105AD
:10C8200071F7813051F51092800082E08093810091
:10C830001092850010928400B19A80916F008260FE
:10C8400080936F00EA858E2F90E0FC01EE0FFF1FB2
:10C85000E80FF91FE85AF44F80818064808381E0FB
:10C860008987DF91CF911F91FF90EF90DF90CF905C
:10C87000BF90AF909F908F900895823061F4109296
:10C88000900080939100109295001092940088BBC4
:10C8900080937100D7CF833069F41092A00082E0BA
:10C8A0008093A1001092A5001092A40089BB8093F0
:10C8B0007200C8CF8111C6CF1092200182E0809310
:10C8C000210110922501109224018ABB80937300EC
:10C8D000B9CFEF92FF921F93CF93DF930E94DA625A
:10C8E000EC010E944C427C010E945F4222E12C9F9D
:10C8F000C0012D9F900D1124C0919704D0919804F0
:10C90000C80FD91F8E858823A1F010E0898981176F
:10C9100081F0412F60E0CE010E9452564889B70154
:10C92000149F600D711D1124CE010E94B5561F5F2A
:10C93000EDCFDF91CF911F91FF90EF9008950E946E
:10C94000DA62892B49F01092F00B1092F10B1092E1
:10C95000F20B1092F30B08950E9494456093F00B34
:10C960007093F10B8093F20B9093F30B0895FB01FE
:10C9700001900020E9F73197AF01461B570BDC010E
:10C98000ED91FC910280F381E02D19948091D311F7
:10C990008823A1F06091A6128091A4129091A51213
:10C9A0000E94B2458091DB11882341F06FE673E06D
:10C9B0008091A4129091A5120E94B7641092DA118E
:10C9C0001092D31180E008958F929F92AF92BF9200
:10C9D000EF92FF920F931F93CF93DF93CDB7DEB704
:10C9E000A1970FB6F894DEBF0FBECDBF7C01FA0150
:10C9F000CB0119A2223008F42AE08E010F5D1F4FEF
:10CA0000822E912CB12CA12CBF01A50194010E9472
:10CA1000D591F901CA016A300CF5605DD8016E93B9
:10CA20008D01232B242B252B79F790E080E01097A4
:10CA300021F0BD01C7010E94B764A1960FB6F8941A
:10CA4000DEBF0FBECDBFDF91CF911F910F91FF9041
:10CA5000EF90BF90AF909F908F900895695CDECF6C
:10CA6000CF939091D3119923A9F0C82F6091A71269
:10CA70008091A4129091A5120E94B2454C2F50E0D3
:10CA800070E060E02AE08091A4129091A512CF910D
:10CA90000C94E464CF9108959091D311911110C03A
:10CAA00091E09093D3119093DA11482F50E070E009
:10CAB00060E02AE08091A4129091A5120C94E464A5
:10CAC0000895CF93DF939091D31191110EC0EB0194
:10CAD0000E944C658091D311882319F0CE010E94E9
:10CAE000B945DF91CF910C94C66480E0DF91CF917E
:10CAF00008950E9494456093F00B7093F10B80931E
:10CB0000F20B9093F30B6FE078E785E00C9461658E
:10CB10000F931F93CF93DF9310928304109291048D
:10CB20001092E20A9091E50AE091E30AF091E40A9A
:10CB300080E0981721F0168A8F5F7796FACF1092CF
:10CB4000E50A30919D04A0919B04B0919C0420E0E3
:10CB50003217D1F019968C911997882391F01A9673
:10CB6000EC911A978E2F90E0FC01EE0FFF1FE80F5B
:10CB7000F91FE85AF44F80818F7B808319961C92AD
:10CB800019972F5F5796E4CF10929D049091F80B60
:10CB9000E091F60BF091F70B80E0981721F01082EE
:10CBA0008F5F3E96FACF1092F80B90917504E0914A
:10CBB0009704F091980480E0981731F026852111B0
:10CBC00016868F5F7296F8CF1092750410928004CB
:10CBD00090917804E0919904F0919A0480E098177C
:10CBE00021F016828F5F3796FACF109278049091D9
:10CBF0009404E0919204F091930480E0981721F05E
:10CC000016828F5F3996FACF1092940410E006E0F6
:10CC1000809188041817A0F4C0918604D0918704ED
:10CC2000109FC00DD11D11248B8180FF07C062E0D1
:10CC30008A810E9437438B818E7F8B831F5FE8CF71
:10CC4000109288042091F30A30E0E091F10AF0910B
:10CC5000F20A90E080E02817390761F010824381E2
:10CC6000413029F4A181B2814C9141111C9201966D
:10CC70003496F1CF1092F30A1092EF0B1092EE0B54
:10CC80001092F50B1092DF0A1092DE0A63E178E74A
:10CC900085E0DF91CF911F910F910C94616566E162
:10CCA00078E78FE00C9461652091DE0A3091DF0A0D
:10CCB000820F931F9093DF0A8093DE0A80349640A0
:10CCC00040F06DEF79E785E00E94616590E080E0DB
:10CCD0000895C90182569B4F089581E08093F50B1A
:10CCE00069E178E781E10C946165CF93DF9320914E
:10CCF000D3112223A1F0EC016091A7128091A4121C
:10CD00009091A5120E94B245209749F0BE018091F2
:10CD1000A4129091A512DF91CF910C94B764DF918A
:10CD2000CF9108950F931F93CF93DF93C82FD62FE2
:10CD30008A018DE10E944C65C8010E9475668D2FA5
:10CD40000E9430658C2F0E943065DF91CF911F913A
:10CD50000F910C94C6640F931F93CF93C82F8B0130
:10CD600086E00E944C65C8010E9475668C2F0E9467
:10CD70003065CF911F910F910C94C6640F931F9350
:10CD8000CF93DF93C82FD62F8A018EE10E944C6586
:10CD9000C8010E9475668D2F0E9430658C2F0E94FD
:10CDA0003065DF91CF911F910F910C94C6640F9362
:10CDB0001F93CF93C82F8B0187E00E944C65C80159
:10CDC0000E9475668C2F0E943065CF911F910F9144
:10CDD0000C94C664CF92DF92EF92FF92CF93DF93D1
:10CDE0006C01EB018CE10E944C65CE010E947566DE
:10CDF0008091D311882321F16091A7128091A41210
:10CE00009091A5120E94B245C091A412D091A51292
:10CE10000D2C000CEE08FF082AE0B701A601F7FE72
:10CE20000CC06DE2CE010E94B24544275527BA01DD
:10CE30004C195D096E097F092AE0CE010E94E46465
:10CE4000DF91CF91FF90EF90DF90CF900C94C6646C
:10CE5000CF93DF93EC0185E00E944C65CE010E94E8
:10CE600075668091D311882321F08CE198E70E94A8
:10CE7000B945DF91CF910C94C6640F931F93CF9364
:10CE8000DF93EC010E94B7648C016FE673E0CE0182
:10CE90000E94B764800F911FDF91CF911F910F9176
:10CEA0000895FC0180819181892B21F482819381F5
:10CEB0000C943D6784819581FBCFFC018081918139
:10CEC000892B21F4828193810C94B76484819581AC
:10CED000FBCFCF93DF93FC0180819181892B61F49B
:10CEE000C281D381CE010E94E3456FE673E0CE019B
:10CEF000DF91CF910C94B764C481D581F3CFFB014E
:10CF000001900020E9F73197AF01461B570BDC0178
:10CF1000ED91FC910284F385E02D1994CF92DF927C
:10CF2000EF92FF920F931F93CF93DF938C01EB014E
:10CF3000FC01D0886D2D70E0FE0101900020E9F722
:10CF4000CF0101978C1B9D0B86179707B0F4681BC8
:10CF5000790B76956795D82EC8010E945256CC2E33
:10CF6000EC2EFD2E8E2D8C198D1548F4F701619154
:10CF70007F01C8010E949956F5CF60E0EDCFDF91A7
:10CF8000CF911F910F91FF90EF90DF90CF90089578
:10CF900020917410309175108217930710F40C943F
:10CFA0008D9180E00895CF92DF92EF92FF920F93E0
:10CFB0001F93CF938B017B01C0E06C01C61AD70A87
:10CFC000C6018E0D9F1D0E94C867CF5FF701819338
:10CFD0007F01C83281F08E3299F7F801EC0FF11D14
:10CFE0003197108281E0CF911F910F91FF90EF90C8
:10CFF000DF90CF90089580E0F6CF0F931F93CF93EB
:10D00000DF938C01EB01F801808191819C012F5FFE
:10D010003F4F318320830E94C86728813981A9014D
:10D020004F5F5F4F598348832D5D334FF9018083F4
:10D0300028813981283EF3E03F0760F48A3319F7ED
:10D040002E5D334FF901108281E0DF91CF911F9166
:10D050000F91089580E0F9CFCF93DF938AE00E948B
:10D060004C658091EE0B9091EF0B892B91F18BE346
:10D0700090E00E94C867C82F8091D311882379F06F
:10D080006091A7128091A4129091A5120E94B245BE
:10D090006C2F8091A4129091A5120E94B245C1E01C
:10D0A000D0E08091EE0B9091EF0BC817D90788F470
:10D0B000CE01CB960E94C8679091D311992339F085
:10D0C000682F8091A4129091A5120E94B2452196DA
:10D0D000E8CFDF91CF910C94C664CF92DF92EF92AC
:10D0E000FF920F931F93CF93DF938C01C090741026
:10D0F000D0907510C62FD0E0F801808191817C011D
:10D10000FFEFEF1AFF0AF801F182E0820E94C86780
:10D11000CE14DF0480F0082E000C990B8C179D07AD
:10D1200059F781E0DF91CF911F910F91FF90EF9020
:10D13000DF90CF90089580E0F5CFAF92BF92CF926D
:10D14000DF92EF92FF920F931F93CF93DF9300D064
:10D150001F92CDB7DEB75C0119821A821B821C8236
:10D16000CE0101967C0110E000E06C01F5018081A8
:10D1700091819C012F5F3F4F318320830E94C867BC
:10D18000F7018083F8018E3241F00F5F1F4F8FEF60
:10D19000E81AF80A0430110549F7EC0DFD1D10825C
:10D1A000C6010E94DC8F0F900F900F900F90DF91BF
:10D1B000CF911F910F91FF90EF90DF90CF90BF9094
:10D1C000AF9008950E94A5950F931F93CF93DF937F
:10D1D000EC0188819981009759F02A813B812617BB
:10D1E000370730F081E0DF91CF911F910F910895C3
:10D1F0008B016F5F7F4F0E94C494009759F0998311
:10D2000088831B830A832C813D81232B59F7FC01E2
:10D210001082E8CF80E0E7CFCF93DF93EC018881E5
:10D220009981009711F00E943B94198218821D8207
:10D230001C821B821A82DF91CF9108950F931F9356
:10D24000CF93DF93EC010C811D810E5F1F4FB8015E
:10D250000E94E468882391F0288139818C819D8126
:10D260006AE674E0820F931F0E94C3951D830C83AE
:10D27000CE01DF91CF911F910F910895CE010E94B1
:10D280000C69F6CFEF92FF920F931F93CF93DF932A
:10D29000EC017B018A01BA010E94E46881110BC094
:10D2A000CE010E940C69CE01DF91CF911F910F91A9
:10D2B000FF90EF9008951D830C83B70188819981B9
:10D2C0000E94C395F0CFCF93DF93EC0161157105F8
:10D2D00071F0FB0101900020E9F73197AF01461B87
:10D2E000570B0E944269CE01DF91CF9108950E94B1
:10D2F0000C69F9CFCF93DF93EC01FB0186179707F9
:10D3000049F0608171816115710541F04481558159
:10D310000E944269CE01DF91CF9108950E940C696D
:10D32000F9CFFC01118210821382128215821482BD
:10D330000C947A69FC011182108213821282158288
:10D340001482FB0101900020E9F73197AF01461BE1
:10D35000570B0C944269FC0180819181009711F078
:10D360000C943B9408950F931F93CF93DF93EC019C
:10D370008CEB92E0998388838FA198A5009721F088
:10D380000E943B9418A61FA20B8D1C8D0115110540
:10D3900051F0F80182819381009711F00E943B9433
:10D3A000C8010E943B948D8D9E8D009731F0DF91D6
:10D3B000CF911F910F910C943B94DF91CF911F91CE
:10D3C0000F910895CF93DF93EC010E94B369CE01D2
:10D3D000DF91CF910C943B94FC01868197819C0155
:10D3E000295F3F4F37FF02C0295F3F4F83E03595EC
:10D3F00027958A95E1F784819581289FA001299F2F
:10D40000500D389F500D112470E060E0878D90A181
:10D410000C94B395CF93DF93EC012FA98C819D8160
:10D42000289FB001299F700D11242E813F81C901D1
:10D43000079697FD079623E0959587952A95E1F73E
:10D44000689FA001699F500D789F500D112470E0D6
:10D4500060E08FA198A50E94B3951AA619A61CA6F4
:10D460001BA68C819D8101979EA78DA78E819F8190
:10D47000019798AB8FA7DF91CF910895FC01808130
:10D480009181892B21F4828193810C94EC698481B0
:10D4900095810C940A6AEF92FF920F931F93CF939A
:10D4A000DF93CDB7DEB72C970FB6F894DEBF0FBE73
:10D4B000CDBF8C0162E773E0CE0107960E949A69A6
:10D4C00063E0C8010E94E35FF801828193810E94BA
:10D4D0003E6AF801828193810E94F34066E078E71A
:10D4E000F801828193810E941A60F8018281938100
:10D4F0000E94064144E150E064E370E0F80182815B
:10D5000093810E94096068E773E0F801828193814A
:10D510000E945D6744E150E06EE570E0F8018281B1
:10D5200093810E9409606CE773E0F8018281938126
:10D530000E945D6760E873E0F801828193810E9438
:10D540005D6762E570E0F801828193810E94144278
:10D5500062E570E0F801828193810E9430428091FF
:10D56000E60A813019F564EF77E7F801828193814B
:10D570000E941A6047E350E070E060E0F8018281A9
:10D5800093810E94096062E873E0F80182819381CF
:10D590000E945D6723E030E047E250E06CE770E016
:10D5A000F801828193810E94084278C063E070E0B4
:10D5B0008DEF92E10E94A045FC018081811184C021
:10D5C00070E060E0CE0107960E94A04520E3F22EB5
:10D5D000FC01F08261E070E0CE0107960E94A04558
:10D5E000FC01F08270E060E08DEF92E10E94A045C6
:10D5F0007C0162E070E0CE0107960E94A045F70131
:10D600002081FC01208361E070E08DEF92E10E94B7
:10D61000A0457C0163E070E0CE0107960E94A04522
:10D62000F7012081FC01208362E070E08DEF92E140
:10D630000E94A0457C0164E070E0CE0107960E9444
:10D64000A045F7012081FC01208364EF77E7F80112
:10D65000828193810E941A6047E350E070E060E0AD
:10D66000F801828193810E940960F801E280F380D1
:10D67000BE01695F7F4FCE0101960E949169BE0194
:10D680006F5F7F4FC7010E94FD5FCE0101960E9430
:10D69000AB698091E90A813009F47CCFF80182817D
:10D6A00093810E943260CE0107960E94AB692C964E
:10D6B0000FB6F894DEBF0FBECDBFDF91CF911F91A3
:10D6C0000F91FF90EF90089564E070E08DEF92E18C
:10D6D0000E94A045FC01808170E060E081113DC0A6
:10D6E000CE0107960E94A04520E3FC01208370E054
:10D6F00060E08DEF92E10E94A0457C0161E070E066
:10D70000CE0107960E94A045F7012081FC012083ED
:10D7100061E070E08DEF92E10E94A0457C0162E043
:10D7200070E0CE0107960E94A045F7012081FC0120
:10D73000208362E070E08DEF92E10E94A0457C01C1
:10D7400063E070E0CE0107960E94A045F7012081BA
:10D75000FC01208363E070E069CF8DEF92E10E94CD
:10D76000A0457C0170E060E0CE0107960E94A045D4
:10D77000F7012081FC01208361E070E08DEF92E1F0
:10D780000E94A0457C0161E070E0CE0107960E94F6
:10D79000A045F7012081FC01208362E070E08DEF5D
:10D7A00092E10E94A0457C0162E070E0CE01079604
:10D7B0000E94A045F7012081FC01208363E070E016
:10D7C0008DEF92E10E94A0457C0163E070E0CE0104
:10D7D00007960E94A045F7012081FC01208364E0A8
:10D7E00070E024CFCF93DF93EC0164E00E94E35F0D
:10D7F0008A819B810E943E6A8A819B810E94F340BC
:10D8000066E078E78A819B810E941A608A819B8109
:10D810000E9406412091E60A8A819B81213099F578
:10D820004EE150E06EE170E00E94096068E873E04C
:10D830008A819B810E9451674EE150E06AE470E06A
:10D840008A819B810E9409606CE873E08A819B81D8
:10D850000E9451674DE250E06EE170E08A819B8149
:10D860000E94096060E973E08A819B810E94516790
:10D870004DE250E06AE470E08A819B810E94096079
:10D8800064E973E01EC02091EA0A4DE250E06EE1C7
:10D8900070E02111E5CF4EE150E06EE170E00E94B2
:10D8A000096068E873E08A819B810E9451674EE1BC
:10D8B00050E06AE470E08A819B810E9409606CE814
:10D8C00073E08A819B810E9451678A819B81DF91ED
:10D8D000CF910C943260EF92FF920F931F93CF93EE
:10D8E000DF93CDB7DEB72C970FB6F894DEBF0FBE2F
:10D8F000CDBF8C0164E773E0CE0107960E949A6960
:10D9000065E0C8010E94E35FF801828193810E9473
:10D910003E6AF801828193810E94F34066E078E7D5
:10D92000F801828193810E941A60F80182819381BB
:10D930000E9406412091E60AF801828193812130FC
:10D9400009F065C044E150E064E170E00E940960C4
:10D9500068E873E0F801828193810E94516744E195
:10D9600050E06CE370E0F801828193810E940960CD
:10D9700060E973E0F801828193810E94516744E17C
:10D9800050E06FE570E0F801828193810E940960A8
:10D9900068E973E0F801828193810E94516764EF26
:10D9A00077E7F801828193810E941A6047E350E093
:10D9B0006CE170E0F801828193810E94096064E863
:10D9C00073E0F801828193810E94516723E030E087
:10D9D00048E250E068E670E0F801828193810E949D
:10D9E0000842F801828193810E943260CE0107963D
:10D9F0000E94AB692C960FB6F894DEBF0FBECDBF68
:10DA0000DF91CF911F910F91FF90EF90089520919A
:10DA1000EA0A44E150E0211132C064E170E00E9462
:10DA2000096068E873E0F801828193810E94516780
:10DA300044E150E06FE570E0F801828193810E943B
:10DA4000096068E973E0F801828193810E9451675F
:10DA50002091EB0AF8018281938164EF77E721300E
:10DA6000A9F40E941A6047E350E06CE170E0F8010D
:10DA7000828193810E94096063EC73E0A2CF6CE322
:10DA800070E00E94096060E973E0CDCF0E941A60E7
:10DA900047E350E06CE170E0F801828193810E94DD
:10DAA000096061E070E083E093E10E94A045FC0121
:10DAB0008081811138C070E060E0CE0107960E943D
:10DAC000A04520E3F22EFC01F08261E070E0CE017F
:10DAD00007960E94A045FC01F08270E060E083E0C0
:10DAE00093E10E94A0457C0162E070E0CE010796C0
:10DAF0000E94A045F7012081FC012083F801E2800B
:10DB0000F380BE01695F7F4FCE0101960E9491694B
:10DB1000BE016F5F7F4FC7010E946967CE0101960A
:10DB20000E94AB695ECF62E070E083E093E10E9407
:10DB3000A045FC01808170E060E081111BC0CE0136
:10DB400007960E94A04520E3FC01208370E060E07E
:10DB500083E093E10E94A0457C0161E070E0CE018A
:10DB600007960E94A045F7012081FC01208361E017
:10DB700070E0B5CF83E093E10E94A0457C0170E0A6
:10DB800060E0CE0107960E94A045F7012081FC01CC
:10DB9000208361E070E083E093E10E94A0457C0176
:10DBA00061E070E0CE0107960E94A045F701208158
:10DBB000FC01208362E070E092CFEF92FF920F931E
:10DBC0001F93CF93DF9300D000D0CDB7DEB78C0189
:10DBD00066E00E94E35FF801828193810E943E6AC1
:10DBE000F801828193810E94F34066E078E7F801B2
:10DBF000828193810E941A60F801828193810E9440
:10DC000006412091E60AF80182819381213009F0D2
:10DC100051C044E150E069E170E00E9409606CE9A4
:10DC200073E0F801828193810E94516744E150E0E2
:10DC300061E470E0F801828193810E94096060EAEA
:10DC400073E0F801828193810E94516764EF77E766
:10DC5000F801828193810E941A6047E350E06CE1F1
:10DC600070E0F801828193810E94096064E873E0AA
:10DC7000F801828193810E94516723E030E048E2FD
:10DC800050E068E670E0F801828193810E940842CA
:10DC9000F801828193810E94326026960FB6F89433
:10DCA000DEBF0FBECDBFDF91CF911F910F91FF90CF
:10DCB000EF9008952091E70A44E150E02130A9F562
:10DCC00061E470E00E94096060EA73E0F80182811B
:10DCD00093810E94516764E070E089E093E10E94C3
:10DCE000A045FC018081811109C064E070E089E0F9
:10DCF00093E10E94A04520E3FC012083F80182818A
:10DD000093812091EC0A64EF77E72130D1F40E94EF
:10DD10001A6047E350E06CE170E0F8018281938182
:10DD20000E94096063EC73E0A3CF69E170E00E9498
:10DD300009606CE973E0F801828193810E94516768
:10DD4000DDCF0E941A6047E350E06CE170E0F8011B
:10DD5000828193810E940960F801E280F38069E08A
:10DD600073E1CE0101960E949169BE016F5F7F4F02
:10DD7000C7010E946967CE0101960E94AB6988CFF6
:10DD8000EF92FF920F931F93CF93DF9300D000D0B9
:10DD9000CDB7DEB78C0161E00E94E35FF8018281BC
:10DDA00093810E943E6AF801828193810E94F34030
:10DDB0002091E60AF80182819381213009F04CC05C
:10DDC0006BEE77E70E941A60F801828193810E94CE
:10DDD00006414FE050E064E170E0F80182819381F8
:10DDE0000E94096065EA73E0F801828193810E94D4
:10DDF00051674FE050E065E570E0F8018281938162
:10DE00000E94096069EA73E0F801828193810E94AF
:10DE1000516762EE77E7F801828193810E941A6070
:10DE20004CE350E070E060E0F801828193810E9451
:10DE3000096063E873E0F801828193810E94516771
:10DE400022E030E04CE350E060E470E0F8018281D1
:10DE500093810E9408421AC02091ED0A3EEF320FD2
:10DE6000323030F569ED77E70E941A604CE350E0FC
:10DE70006AE070E0F801828193810E9409606DEA96
:10DE800073E0F801828193810E945167F8018281D9
:10DE900093810E94326026960FB6F894DEBF0FBEC3
:10DEA000CDBFDF91CF911F910F91FF90EF9008951B
:10DEB0006BEE77E721113FC00E941A60F801828162
:10DEC00093810E9406414FE050E070E060E0F8016D
:10DED000828193810E94096065EA73E0F801828182
:10DEE00093810E945167F801828193812091EE0A0B
:10DEF00062EE77E7211132C00E941A604CE350E0D5
:10DF000070E060E0F801828193810E940960F8016D
:10DF1000E280F3806FE073E1CE0101960E94916987
:10DF2000BE016F5F7F4FC7010E946967CE010196F6
:10DF30000E94AB6985CF0E941A60F80182819381AB
:10DF40000E9406414FE050E065E570E0F8018281F3
:10DF500093810E94096069EA73E0C0CF0E941A6051
:10DF60004CE350E070E060E0F801828193810E9410
:10DF70000960F801E280F38065E173E1CE0101966A
:10DF80000E949169BE016F5F7F4FC7010E94696760
:10DF9000CE0101960E94AB6979CFEF92FF920F9369
:10DFA0001F93CF93DF9300D000D0CDB7DEB78C01A5
:10DFB00060E00E94E35FF801828193810E943E6AE3
:10DFC000F801828193810E94F3402091E60AF801D2
:10DFD00082819381213009F04CC06BEE77E70E947B
:10DFE0001A60F801828193810E9406414FE050E05F
:10DFF00064E170E0F801828193810E94096065EA22
:10E0000073E0F801828193810E9451674FE050E0F4
:10E0100065E570E0F801828193810E94096069EAF8
:10E0200073E0F801828193810E94516762EE77E785
:10E03000F801828193810E941A604CE350E070E005
:10E0400060E0F801828193810E94096063E873E0D7
:10E05000F801828193810E94516722E030E04CE315
:10E0600050E060E470E0F801828193810E940842F0
:10E070001AC02091EF0A3EEF320F323030F569EDD1
:10E0800077E70E941A604CE350E06AE070E0F80124
:10E09000828193810E9409606DEA73E0F8018281B8
:10E0A00093810E945167F801828193810E943260BE
:10E0B00026960FB6F894DEBF0FBECDBFDF91CF918D
:10E0C0001F910F91FF90EF9008956BEE77E721116C
:10E0D0003FC00E941A60F801828193810E9406412C
:10E0E0004FE050E070E060E0F801828193810E948F
:10E0F000096065EA73E0F801828193810E945167AB
:10E10000F801828193812091F00A62EE77E7211174
:10E1100032C00E941A604CE350E070E060E0F80109
:10E12000828193810E940960F801E280F3806BE1B3
:10E1300073E1CE0101960E949169BE016F5F7F4F2E
:10E14000C7010E946967CE0101960E94AB6985CF25
:10E150000E941A60F801828193810E9406414FE07B
:10E1600050E065E570E0F801828193810E940960CA
:10E1700069EA73E0C0CF0E941A604CE350E070E09F
:10E1800060E0F801828193810E940960F801E280D9
:10E19000F38061E273E1CE0101960E949169BE01B4
:10E1A0006F5F7F4FC7010E946967CE0101960E9491
:10E1B000AB6979CFBF92CF92DF92EF92FF920F932C
:10E1C0001F93CF93DF93EC01E62EC42ED22EFC8852
:10E1D000FF0C0F2D10E0A80170E060E004960E9493
:10E1E000B395EE2DEE0FEC0FFD2FF11DC582D482FD
:10E1F00060E08B810E9409430C5F1F4F0C0F1D1FB5
:10E20000FF20E1F0F801B2908F0188E0C82ED12CF8
:10E2100090E8E92E6B2D6E2189810E94094361E00F
:10E220008A810E94094360E08A810E940943E69442
:10E23000F1E0CF1AD10871F7FA94E2CF61E08B8157
:10E24000DF91CF911F910F91FF90EF90DF90CF90D2
:10E25000BF900C9409438F929F92AF92BF92CF923E
:10E26000DF92EF92FF920F931F93CF93DF930E9461
:10E27000DA62EC010E94DA62882E0E944C425C0154
:10E280000E94DA626C010E94DA6247E14C9F9001C1
:10E290004D9F300D11240091E30A1091E40A020F02
:10E2A000131FF8012689222309F43CC0C7E0D0E0FF
:10E2B000912C7C01FF24DD246C2F4C2F4F5FC70174
:10E2C0000C2E02C0959587950A94E2F780FF28C02E
:10E2D000F801A4898A1618F5F501E90DF11D808170
:10E2E00087FD80E296010C2E02C0359527950A9491
:10E2F000E2F720FD8068F8019081992311F06A17F8
:10E3000070F4E82FEF77F0E0E358F648249191118C
:10E3100016C087FD2068682DC8010E94DA709394AA
:10E32000219750F6DF91CF911F910F91FF90EF90C1
:10E33000DF90CF90BF90AF909F908F900895220F65
:10E3400087FD2160A150BB0BAC1BBD0BA00FB11F03
:10E3500014962C9341E0C8010E948D5CE0CF1F937E
:10E36000CF93DF93DC012C9121110CC054962C919A
:10E37000621700F521E024274CE0DF91CF911F9137
:10E380000C94DA705596EC91F0E0F595E7951E2F18
:10E39000411101C01860EC010E94865C60E8610FC9
:10E3A00040E0CE010E94155CCE01DF91CF911F911C
:10E3B0000C946F5CDF91CF911F910895EF92FF92C3
:10E3C0000F931F93CF93DF93D82F8093F40BC0E06C
:10E3D0008091E20AC817F0F48C2F90E0880F991F03
:10E3E000E091E00AF091E10AE80FF91F8081DD2356
:10E3F00031F0118260E00E940943CF5FE9CF618173
:10E400006F3F11F461E0F7CF6623A9F370E00E943B
:10E41000A943F3CFC0E007E18091E50AC817B8F43B
:10E42000E090E30AF090E40AC09FE00CF11C112494
:10E4300010E0D70156968C91811739F04D2F612F3E
:10E44000C7010E94AF711F5FF4CFCF5FE5CFC0E07F
:10E450001EE08091F80BC817E0F4E091F60BF09104
:10E46000F70BC19FE00DF11D11248081882359F025
:10E4700082819381DC01ED91FC91DD2331F00190EB
:10E48000F081E02D1995CF5FE4CF0280F381E02D7C
:10E49000F9CFDF91CF911F910F91FF90EF900895E9
:10E4A0000F931F93CF93DF93FC0126892223C1F1A1
:10E4B0006217B0F5442391F12FEF240F203108F0BB
:10E4C0002FE0D62F8C01FC01258B8081811110C09B
:10E4D0008489681720F44AE0C8010E94DA7040E09D
:10E4E0006D2FC801DF91CF911F910F910C94AF71E7
:10E4F000C0E0413031F02695423009F421E0C22FCE
:10E50000C860C8010E94865C60E86C0F40E0C801EA
:10E510000E94155CC8010E946F5CE1CF41E0E2CF30
:10E52000DF91CF911F910F9108950F931F93CF9378
:10E530000E94DA628C010E94DA62C82F0E94DA62BD
:10E5400097E1909F9001919F300D1124E091E30A93
:10E55000F091E40A482F6C2FCF01820F931FCF91C7
:10E560001F910F910C9450720C9495720F931F93FE
:10E57000CF93DF93EC01062F18814C89111110C045
:10E58000641748F41F5F20E0412F602FCE010E94E6
:10E59000DA701830B9F7DF91CF911F910F9108957C
:10E5A00050E070E060E004960E94B3954C896FEFF4
:10E5B000640FCE01DF91CF911F910F910C948D5C70
:10E5C00085ED8093BC008091391090913A10A09114
:10E5D0003B10B0913C100796A11DB11D23E0B695EC
:10E5E000A795979587952A95D1F72091BC0024FD92
:10E5F00003C01092371008954091391050913A108D
:10E6000060913B1070913C10452B462B472B69F3D2
:10E610000097A105B10541F02AE22A95F1F700C063
:10E620000197A109B109E1CF809138100C94A15153
:10E630004F925F926F927F928F929F92AF92BF9212
:10E64000CF92DF92EF92FF92CF93DF93EC016A01BA
:10E650007B0120E030E0A901CB01B6010E94699066
:10E6600087FF04C0F7FAF094F7F8F0948C8C9D8C37
:10E67000AE8CBF8CA7019601C501B4010E946990C0
:10E68000882309F449C06CA97DA98EA99FA90E947D
:10E6900070902B013C01A7019601C501B4010E94B5
:10E6A00097929B01AC01C301B2010E94CF900E94DE
:10E6B00009936CAB7DAB8EAB9FABA701960160E07D
:10E6C00070E080E090E40E9497920E944A9326E5D1
:10E6D0003EE04DE25FE30E94CF9020E034E244E769
:10E6E00059E40E94CF9068AF79AF8AAF9BAFCC8ED0
:10E6F000DD8EEE8EFF8ECE01DF91CF91FF90EF90F9
:10E70000DF90CF90BF90AF909F908F907F906F9051
:10E710005F904F900C941D59DF91CF91FF90EF9037
:10E72000DF90CF90BF90AF909F908F907F906F9031
:10E730005F904F900895EF920F93CF93DF93EC018A
:10E740008CE193E0998388836B831C861D861E86EB
:10E750001F86188A198A1A8A1B8A1C8A1D8A1E8A91
:10E760001F8A80E090E0A0E8BFE3888F998FAA8F8E
:10E77000BB8F1C8E1D8E1E8E1F8E88A399A3AAA3ED
:10E78000BBA31CA21DA21EA21FA261E070E07DA778
:10E790006CA73FEF3FA718A619A61AA61BA64C8385
:10E7A0002D830E83EF821EA61CAA1DAA1EAA1FAAD5
:10E7B00018AE19AE1AAE1BAE1CAE1DAE1EAE1FAE0D
:10E7C000FE01E05CFF4F80839183A283B3831A82B2
:10E7D000188619861A861B86CE010E94045740E0CF
:10E7E00050E060E87FE3CE01DF91CF910F91EF9091
:10E7F0000C941873CF92DF92EF92FF920F931F93B6
:10E80000CF93DF930E94DA62D82F0E94DA627C01F4
:10E810000E94DA628C018091F80BD817C0F58091C4
:10E82000F60B9091F70B9C014EE0D49F200D311D0B
:10E830001124E9018881882359F0B70190E080E034
:10E840000E946E90AB01BC018A819B810E946F5A2D
:10E8500088818823E1F0B80190E080E00E946E900A
:10E860006B017C0120E030E0A9010E9469908823BF
:10E8700071F0B701A6018A819B81DF91CF911F9131
:10E880000F91FF90EF90DF90CF900C941873DF9171
:10E89000CF911F910F91FF90EF90DF90CF9008954F
:10E8A0008F929F92AF92BF92CF92DF92EF92FF92A0
:10E8B000CF93DF930E94DA62D82FC82F0E948C403A
:10E8C000882309F495C081E080939D1280939E1265
:10E8D00080919F129091A0120E94FA8F6B017C018F
:10E8E0008091F80BC81708F078C08091F60B9091D2
:10E8F000F70B9C014EE0D49F200D311D1124E9013E
:10E900008881882309F469C019828E819F81A88536
:10E91000B985C816D906EA06FB0609F45EC08A81E5
:10E920009B81DC011C968D909D90AD90BC901F97B3
:10E930002B85222351F02D85222339F0ED91FC9176
:10E940000280F381E02D19951D868C85882379F04E
:10E95000C814D904EA04FB0454F48E819F81A8856D
:10E96000B985C816D906EA06FB060CF41C868C8508
:10E97000811110C08C149D04AE04BF045CF48E8120
:10E980009F81A885B9858C159D05AE05BF0514F43A
:10E9900081E08C878A819B814A852C85429FA001DA
:10E9A0001124052E000C660B770B4C0D5D1D6E1DA2
:10E9B0007F1DFC0180889188A288B388481559057D
:10E9C0006A057B0531F0408B518B628B738B0E9403
:10E9D0001D59CE82DF82E886F986DF91CF91FF90C4
:10E9E000EF90DF90CF90BF90AF909F908F90089561
:10E9F00010929E12C12CD12C760172CFFF920F93F0
:10EA00001F93CF93DF930E94DA62EC010E944C4285
:10EA10008C010E94DA62F82E27E02C9FC0012D9F06
:10EA2000900D1124C0919904D0919A04C80FD91F58
:10EA30008E81882399F161EB73E0C8010E942190D7
:10EA400001E010E0009711F10E94DC8F9E81992374
:10EA500099F0982F9770980101C0220F9A95EAF7C4
:10EA6000869586958695EC81FD81E80FF11D808164
:10EA7000FF2049F0282B208361EB73E090E080E0D9
:10EA80000E942190DFCF20952823F5CFCE01DF9182
:10EA9000CF911F910F91FF900C942D61DF91CF9139
:10EAA0001F910F91FF900895FF920F931F93CF93A3
:10EAB000DF938C01EB01F8800E948D91F81621F014
:10EAC0006F2DC8010E949591CE01DF91CF911F91CA
:10EAD0000F91FF900895AF92BF92CF92DF92EF9285
:10EAE000FF920F931F93CF93DF930E944C426C01D0
:10EAF000EC0109900020E9F72197C81BD90BDD270D
:10EB0000E090EE0BF090EF0BC70101968C0F9D1F6C
:10EB1000883D954008F053C05E018FEFA81AB80AEF
:10EB20002BE3E20EF11C95012E0D3F1D8091741018
:10EB3000909175108217930778F010E000E0B6010D
:10EB4000600F711FC701800F911F0E9454750F5FE6
:10EB50001F4F0A151B0598F34091EE0B5091EF0BD8
:10EB6000C40FD51FD093EF0BC093EE0B8091D31140
:10EB7000811147C085E00E944C658091D3118823A4
:10EB800091F06091A7128091A4129091A5120E9419
:10EB9000B245AE0170E060E02AE08091A41290914D
:10EBA000A5120E94E464DF91CF911F910F91FF9015
:10EBB000EF90DF90CF90BF90AF900C94C66480919F
:10EBC000D31181111EC085E00E944C658091D31144
:10EBD000882349F36091A7128091A4129091A51205
:10EBE0000E94B245C091A412D091A5126DE2CE014F
:10EBF0000E94B2452AE041E050E060E070E0CE01C2
:10EC0000D0CFDF91CF911F910F91FF90EF90DF90C8
:10EC1000CF90BF90AF900895CF93DF930E944C4266
:10EC2000FC0190E3ABE0B2E001900D929A95E1F720
:10EC30008091741090917510892B29F063E290E017
:10EC400080E00E9495918091741090917510C0970A
:10EC500060F0D0E0C0E0BE01655F7D4F2196CE013F
:10EC60000E945475CF32D105B1F78091D311811133
:10EC70000BC085E00E944C658BE092E00E947566B7
:10EC8000DF91CF910C94C664DF91CF910895CF931B
:10EC9000DF930E949445611571058105910511F07E
:10ECA0000E94D38F83E5809300028EE4809301025B
:10ECB0008DE2809302028093060210920A020E9463
:10ECC000848F2FEF3FE040E050E00E94A391E0E00E
:10ECD000F2E093E0862F8F7020E3280F2A33D0F5DF
:10ECE000238324E0769567952A95E1F79150319634
:10ECF0009111F0CF0E94848F2FEF3FE040E050E071
:10ED00000E94A391E0E0F2E093E0862F8F7020E371
:10ED1000280F2A3310F5278384E0769567958A9526
:10ED2000E1F7915031969111F0CF8091741090914C
:10ED30007510CB9760F0C0E3D0E0BE0160537E4F0A
:10ED4000CE010E9454752196CB33D105B1F7DF91E6
:10ED5000CF910895885C8383C4CF895C8783DCCF9F
:10ED60000E9447768091D311811109C08AE00E94E8
:10ED70004C6580E092E00E9475660C94C66408952C
:10ED80000F931F93CF93DF9380E390E00E94C867B7
:10ED90008335D9F581E390E00E94C8678E34A9F5E8
:10EDA0008091741090917510CB9770F000E012E094
:10EDB000C0E3D0E0CE010E948D91F80181938F01D4
:10EDC0002196CB33D105B1F78AE00E944C65809142
:10EDD000D311882321F088E699E70E94B9458BE09A
:10EDE00092E00E94756680E092E00E94756683EB77
:10EDF00093E00E94756689EB93E00E947566DF914F
:10EE0000CF911F910F910C94C6640E944776809118
:10EE1000741090917510CC97B8F260E08BE390E09D
:10EE20000E949591D1CFEF92FF920F931F93CF93B2
:10EE3000DF93CDB7DEB72C970FB6F894DEBF0FBEC9
:10EE4000CDBF8C0163E773E0CE0107960E949A69FB
:10EE500062E0C8010E94E35FF801828193810E9411
:10EE60003E6AF801828193810E94F34066E078E770
:10EE7000F801828193810E941A60F8018281938156
:10EE80000E9406412091E60AF8018281938144E1C3
:10EE900050E0213009F073C068E270E00E94096020
:10EEA0006CE873E0F801828193810E945D6744E120
:10EEB00050E066E570E0F801828193810E9409606C
:10EEC00064E973E0F801828193810E945D676AE1E1
:10EED00070E0F801828193810E94304264E270E028
:10EEE000F801828193810E9414426DEF77E7F80167
:10EEF000828193810E941A6042E350E070E060E0FA
:10EF0000F801828193810E9409606FEB73E0F80140
:10EF1000828193810E945D6770E060E0CE01079678
:10EF20000E94A04538E3F32EFC01F08261E070E01E
:10EF3000CE0107960E94A045FC01F08262E070E0DD
:10EF4000CE0107960E94A045FC01F08263E070E0CC
:10EF5000CE0107960E94A045FC01F08264EF77E79E
:10EF6000F801828193810E941A6047E350E068E1D2
:10EF700070E0F801828193810E940960FBC062E029
:10EF800070E00E94096062EA73E0F8018281938177
:10EF90000E945D672091EA0AF8018281938144E131
:10EFA00050E021114AC068E270E00E9409606CE8FC
:10EFB00073E0F801828193810E945D676AE170E0ED
:10EFC000F801828193810E94304264E270E0F8018E
:10EFD000828193810E9414428091E80A8130A1F5D8
:10EFE00064EF77E7F801828193810E941A6047E31A
:10EFF00050E070E060E0F801828193810E94096036
:10F0000061EC73E0F801828193810E945D67F801F1
:10F01000828193810E943260CE0107960E94AB6983
:10F020002C960FB6F894DEBF0FBECDBFDF91CF9107
:10F030001F910F91FF90EF90089566E570E00E9498
:10F04000096064E973E0B5CF8091EA0A81116CC16F
:10F0500061E070E087EF92E10E94A045FC018081B1
:10F06000811120C06DEF77E7F801828193810E94C2
:10F070001A6042E350E070E060E0F8018281938121
:10F080000E9409606FEB73E0F801828193810E9416
:10F090005D6770E060E0CE0107960E94A04520E326
:10F0A000F22E42CF70E060E087EF92E10E94A0452F
:10F0B000FC012081F801828193812D3209F0A5C0E5
:10F0C00064EF77E70E941A6047E350E070E060E089
:10F0D000F801828193810E94096065EC73E0F80178
:10F0E000828193810E945D6764E070E087EF92E126
:10F0F0000E94A045FC018081811151C070E060E058
:10F10000CE0107960E94A04520E3FC01208361E028
:10F1100070E087EF92E10E94A0457C0161E070E021
:10F12000CE0107960E94A045F7012081FC012083B3
:10F1300062E070E087EF92E10E94A0457C0162E00E
:10F1400070E0CE0107960E94A045F7012081FC01E6
:10F15000208363E070E087EF92E10E94A0457C018C
:10F1600063E070E0CE0107960E94A045F701208180
:10F17000FC012083F801E280F380BE01695F7F4FCC
:10F18000CE0101960E949169BE016F5F7F4FC7015A
:10F190000E94FD5FCE0101960E94AB6938CF61E00D
:10F1A00070E087EF92E10E94A0457C0170E060E092
:10F1B000CE0107960E94A045F7012081FC01208323
:10F1C00062E070E087EF92E10E94A0457C0161E07F
:10F1D00070E0CE0107960E94A045F7012081FC0156
:10F1E000208363E070E087EF92E10E94A0457C01FC
:10F1F00062E070E0CE0107960E94A045F7012081F1
:10F20000FC01208364E070E0A6CF6DEF77E70E94F9
:10F210001A6042E350E070E060E0F801828193817F
:10F220000E9409606FEB73E0F801828193810E9474
:10F230005D6763E070E087EF92E10E94A045FC010A
:10F24000808170E060E081113BC0CE0107960E9492
:10F25000A04520E3FC01208370E060E087EF92E1AD
:10F260000E94A0457C0161E070E0CE0107960E94FB
:10F27000A045F7012081FC01208361E070E087EF69
:10F2800092E10E94A0457C0162E070E0CE01079609
:10F290000E94A045F7012081FC01208362E070E01C
:10F2A00087EF92E10E94A0457C0163E070E0CE010F
:10F2B00007960E94A045F7012081FC0120834ECED5
:10F2C00087EF92E10E94A0457C0170E060E0CE01F2
:10F2D00007960E94A045F7012081FC01208361E090
:10F2E00070E087EF92E10E94A0457C0161E070E050
:10F2F000CE0107960E94A045F7012081FC012083E2
:10F3000062E070E087EF92E10E94A0457C0162E03C
:10F3100070E0CE0107960E94A045F7012081FC0114
:10F32000208363E070E0BCCF70E060E081EF92E1A9
:10F330000E94A045FC012081F801828193812D3239
:10F3400081F564EF77E70E941A6047E350E070E0D0
:10F3500060E0F801828193810E94096062E070E0C0
:10F3600081EF92E10E94A045FC01808161EF72E192
:10F37000811112C0CE0101960E949169CE010196C1
:10F380000E941E69BC01CE0107960E947A69CE01D7
:10F3900001960E94AB69EECECE0107960E947A6973
:10F3A000E9CE6DEF77E70E941A6042E350E070E02B
:10F3B00060E0F801828193810E9409606FEB73E045
:10F3C000F801828193810E945D678091F51290918E
:10F3D000F612892B99F06BE674E08091F11290910E
:10F3E000F2120E94BA95892B49F443E050E069E695
:10F3F00074E0CE0107960E944269B0CD61E070E0F2
:10F4000081EF92E10E94A045FC018081811114C02E
:10F4100061EF72E1CE0101960E949169CE010196E1
:10F420000E941E69BC01CE0107960E947A69CE0136
:10F4300001960E94AB6992CD70E060E081EF92E1AD
:10F440000E94A0457C0170E060E0CE0107960E941A
:10F45000A045F7012081FC01208361E070E081EF8D
:10F4600092E10E94A0457C0161E070E0CE01079628
:10F470000E94A045F7012081FC01208362E070E03A
:10F4800081EF92E10E94A0457C0162E070E0CE0134
:10F4900007960E94A045F7012081FC01208363E0CC
:10F4A00070E0CE0107960E94A045FC01108256CD67
:10F4B000EF92FF920F931F93CF93DF930E94DA6234
:10F4C000EC018091F30A8C171D0609F00CF4F3C0CF
:10F4D0000E94DA627C010E944C428C010E945F42D1
:10F4E000CC0FDD1FCC0FDD1FE091F10AF091F20A85
:10F4F000EC0FFD1F8081882309F4DDC083818130FA
:10F5000009F0D9C0C181D28184E1E816F10408F084
:10F51000D2C0F7018827E057F5488F4F0C9422920C
:10F52000A47AB27AB87ABC7AC27AD07AD67ADA7AFF
:10F53000E07AEE7AF47A027B087B147B227B287BCC
:10F54000367B3A7B407B467BC8010E94DC8F8093F0
:10F55000F00ACE01DF91CF911F910F91FF90EF90B4
:10F560000C94CD6FB80181E293E10E946369F1CF01
:10F57000B8018BE193E1F9CFC8010E94DC8F809341
:10F58000EF0AE7CFC8010E94DC8F8093EE0ACE011C
:10F59000DF91CF911F910F91FF90EF900C94C06E6F
:10F5A000B80185E193E10E946369F1CFB8018FE072
:10F5B00093E1F9CFC8010E94DC8F8093ED0AE7CF79
:10F5C000B80189E093E10E946369CE01DF91CF9198
:10F5D0001F910F91FF90EF900C94DD6DC8010E9478
:10F5E000DC8F8093EC0AF1CFB80183E093E10E94B5
:10F5F0006369CE01DF91CF911F910F91FF90EF9042
:10F600000C946B6CC8010E94DC8F8093EB0AF1CFE5
:10F61000C8010E94DC8F8093EA0ACE010E946B6CC5
:10F62000CE010E94F26B19C0B8018DEF92E10E94E9
:10F630006369CE01DF91CF911F910F91FF90EF9001
:10F640000C944B6AC8010E94DC8F8093E90AF1CFC9
:10F65000B80187EF92E10E946369CE01DF91CF91FB
:10F660001F910F91FF90EF900C941377B80181EFE9
:10F6700092E1F1CFC8010E94DC8F8093E80AEDCFC0
:10F68000C8010E94DC8F8093E70A9FCFC8010E94C7
:10F69000DC8F8093E60ACE010E94CD6FCE010E94DE
:10F6A000C06ECE010E94DD6DCE010E946B6CCE015A
:10F6B0000E944B6AB5CFDF91CF911F910F91FF90C0
:10F6C000EF9008952F923F924F925F926F927F92A8
:10F6D0008F929F92AF92BF92CF92DF92EF92FF9262
:10F6E0000F931F93CF93DF93CDB7DEB7E0970FB69D
:10F6F000F894DEBF0FBECDBF8091EE0B9091EF0B63
:10F70000892B11F40C945C849BE3E92EF12CFCA66C
:10F71000EBA61EA61DA6CE018B960E949D68082F03
:10F72000882311F40C945C84FAA6E9A6CE0189968C
:10F730000E949D689E012F5F3F4F290192E1D901F0
:10F740001D929A95E9F78823C9F0F201E80FF11D9F
:10F7500080818F5F80836AE3CE0189960E946D6805
:10F76000182FCE0189960E949D68882359F11111A6
:10F77000ECCF63E378E785E00E946165FE01379690
:10F78000F8ABEFA7A4EB2A2E312CEFEFE00FE1311D
:10F7900008F03DC2F0E08827EF52F4488F4F0C94F8
:10F7A00022929E7DFB7FE27D0D7ED37EB97F6F80AE
:10F7B000FB7FD37EB7815E812382077EA082D37ECA
:10F7C0000D7E22831123A9F21A81B5E01B9F7001DF
:10F7D0001124C7010E94165B811166C187EC93E07A
:10F7E0000E9428671C81E12EF12CEE0CFF1CC70142
:10F7F0000E94165B882309F465C1C7010E94546604
:10F80000009719F0DC0111961C929093E10A809305
:10F81000E00A10936F041D81F988E12FEF0DFF2797
:10F82000FF1F27E12E9F60012F9FD00C1124C601DE
:10F830000E94165B882309F44AC1C6010E945466DF
:10F84000FC01892B49F08FEF80838183828383833E
:10F85000148A8FE0858B168AF093E40AE093E30A1A
:10F860001F0D10937004E8888E812E2D280F3327EA
:10F87000331FEA84E20EF32EF11C8EE08E9D6001B0
:10F880008F9DD00C1124C6010E94165B882309F4B9
:10F8900023C1C6010E945466009711F0DC011C923E
:10F8A0009093F70B8093F60BE09271041F81B7E100
:10F8B0001B9F70011124C7010E94165B882309F465
:10F8C00015C1C7010E9454660097B9F02091E80B5A
:10F8D000203308F006C131E0320F3093E80BFC0111
:10F8E000228730E0F901EE0FFF1FE20FF31FE85A05
:10F8F000F44F28EB3BE03283218390939C04809368
:10F900009B04109372041985FB80E12FEF0DFF27F4
:10F91000FF1F2FE12E9F60012F9FD00C1124C601E5
:10F920000E94165B882309F4E6C0C6010E94546653
:10F93000009719F0DC0112961C929093900480932A
:10F940008F041F0D109373041885B2E11B9F700183
:10F950001124C7010E94165B882309F4D1C0C70196
:10F960000E945466FC01892B41F01382128286E9C1
:10F9700092E09183808311861686F0939804E09339
:10F980009704109374041C85EEE11E9F70011124EE
:10F99000C7010E94165B882309F4B7C0C7010E9403
:10F9A0005466FC01892B61F080E19F012A5F3F4F83
:10F9B000D9011D928A95E9F7178A168A108E158E3D
:10F9C000F0937F04E0937E04109376041B85B7E0E8
:10F9D0001B9F70011124C7010E94165B882309F444
:10F9E00099C0C7010E945466009711F0FC0116826D
:10F9F00090939A0480939904109377041D85F9E0FD
:10FA00001F9F70011124C7010E94165B882309F40F
:10FA100086C0C7010E945466009719F0DC01169653
:10FA20001C929093930480939204109379041F8501
:10FA3000B6E01B9F70011124C7010E94165B88234A
:10FA400009F472C0C7010E945466FC01892B59F069
:10FA500010928C0410928B048DE194E0918380834A
:10FA6000138215821482F0938704E0938604109326
:10FA70007A041A89E4E01E9F70011124C7010E94D4
:10FA8000165B882309F455C0C7010E94546600978D
:10FA900021F0DC011C9213961C929093F20A809341
:10FAA000F10A10937B046ACEC7010E945466009746
:10FAB00011F0FC01148290938204809381041093CE
:10FAC0006E0490CE8EEC93E00E942867A4CE85ED64
:10FAD00093E00E942867C7CE8EED93E00E942867CE
:10FAE000E5CE2FEFDC011A962C9307CF86EE93E03C
:10FAF0000E94286708CF8CEE93E00E94286724CFED
:10FB000085EF93E00E9428673ECF89EF93E00E9443
:10FB100028675CCF82E094E00E9428676FCF80E185
:10FB200094E00E94286783CF86E294E00E942867D1
:10FB3000A0CF8FE294E00E94286720CECE018B9662
:10FB40000E949D681091830490916E04191789F1A9
:10FB50002DA53EA5E0908104F0908204F5E01F9F62
:10FB6000E00CF11C1124D70114961C9214971296E4
:10FB70008C9312972D5D334F2D933C9362E00E943E
:10FB80003743F70182810E94E04221E0892B09F48A
:10FB900020E0D70113962C93139781E014968C9351
:10FBA00087ED96E690938504809384041F5F1093FD
:10FBB0008304BE01635D7F4FCE018B960E94FD677B
:10FBC000182F4AC5CE018B960E949D681091E20ABB
:10FBD00090916F041917D9F0E12EF12CEE0CFF1C57
:10FBE0002091E00A3091E10AE20EF31EF701118242
:10FBF000808361E00E943743D70111961C921197D0
:10FC000060E08C910E9409431F5F1093E20A6AE34F
:10FC1000CE018B960E946D68D3CFC12C003129F4A0
:10FC2000CE018B960E949D68C82ECE018B960E94B5
:10FC30009D68A82ECE018B960E949D68882ECE01CD
:10FC40008B960E949D68B82ECE018B960E949D686F
:10FC5000982ECE018B960E949D68D82E0091E50AC1
:10FC600080917004081799F21C2DE090E30AF0903F
:10FC7000E40AB7E10B9FE00CF11C1124F701148A90
:10FC80008FE0858B168AC082A182B2828382C110E6
:10FC900046C08D2DF8E0FD1508F488E0D701549694
:10FCA0008C9361E08A2D0E94374361E0F7018281E5
:10FCB0000E94374361E0D70113968C910E9437432D
:10FCC00061E0F70183810E940943D70154968C912A
:10FCD000181708F04CC020E04FE0612FC7010E94C8
:10FCE000DA70F7018081811109C08489181730F416
:10FCF00027E04BE0612FC7010E94DA7020E049E065
:10FD0000612FC7010E94DA70612FC7010E94B6728D
:10FD100041E0612FC7010E94AF711F5FD6CFFDEF99
:10FD200084E0CF1286E0D70154968C9362E08B2D4D
:10FD30000E94374362E0F70181810E94374360E00F
:10FD4000D70112968C910E94094360E0F7018181EE
:10FD50000E94094360E0C7010E94B6728FE0D7019C
:10FD600055968C9341E060E0C7010E94AF71F701A6
:10FD7000D68A10E0D70156968C91181780F4492D39
:10FD8000612FC7010E94507240E0612FC7010E949D
:10FD9000AF71612FC7010E94B6721F5FEBCF0F5F7B
:10FDA0000093E50A34CFCE018B960E949D68F82E11
:10FDB000CE018B960E949D68D82ECE018B960E9414
:10FDC0009D68E82ECE018B960E949D68A82E093072
:10FDD00021F010E00F3009F047C0CE018B960E9451
:10FDE0009D68182F0F3009F03FC0CE018B960E94FE
:10FDF0009D68082FCE018B960E949D68B82ECE017B
:10FE00008B960E949D68C82E8091F80B909171048A
:10FE1000891709F4FCCE6090F60B7090F70BBEE0EA
:10FE20008B9F600C711C1124F301108284E490E01C
:10FE30000E94165B81111CC062E578E785E00E9494
:10FE400061650091F80B112359F08091F60B9091A8
:10FE5000F70BBEE00B9F800D911D11240E94225BC9
:10FE60000F5F0093F80BD3CEC12CB12C00E0CCCFA8
:10FE7000013009F463C0023009F46DC00111E1CF13
:10FE800084E490E0FE104AC0DA1048C00E94546634
:10FE90004C01892B49F0E5E0EE2E04E02D2D4F2D8D
:10FEA00061E0C4010E949B73D30113969C928E92D1
:10FEB000129740E050E068EC73E4D30112968D9104
:10FEC0009C910E946F5A40E050E068E474E4F301B2
:10FED000828193810E941873D30114961C93149706
:10FEE00081E015968C93112321F062E0812F0E940E
:10FEF0003743F301B28681E0C11001C080E0D30135
:10FF00001B968C931B9781E08C9311961C921197F2
:10FF10001D968C931D971C968C9393CF0E945466CC
:10FF20004C01892B39F00F2D2D2D4A2D64E0C40191
:10FF30000E949B73F30193828282BBCF84E490E0A2
:10FF40000E9454664C01892B09F4AECF0F2D2D2D44
:10FF50004A2D68E0A6CF84E490E00E9454664C01EC
:10FF6000892B41F375E0E72E04E02D2D4F2D61E044
:10FF7000DECFCE018B960E949D6890919D042091CA
:10FF80007204921709F443CE2091E80B203388F5D0
:10FF900031E0320F3093E80B422F50E0FA01EE0FC0
:10FFA000FF1FE40FF51FE85AF44F48EB5BE0528364
:10FFB0004183E0919B04F0919C0437E1939FE00D15
:10FFC000F11D112422871186158616861786108A40
:10FFD000118A128A138A148A12821182348223822D
:10FFE000168215823086278280839F5F90939D04BE
:10FFF0000ECE2FEFDECFCE018B960E949D68E82EAD
:020000021000EC
:10000000CE018B960E949D68D82E80E0083021F4A6
:10001000CE018B960E949D68F0909104909173049C
:10002000F91609F4C6CD2DA53EA500918F041091B7
:1000300090044FE1F49E000D111D1124D801129679
:100040001C92129716961C921E9215972D5D334F97
:1000500014963C932E931397EC921196DC92119781
:1000600095E0989FF0011124E758FD4F19960190F3
:100070000D929A95E1F762E08E2D0E94374362E07F
:10008000F80181810E943743D8011E961C921E9769
:1000900050961C921E921F9752961C921E92519738
:1000A00018961C921897F801178A108E118E128ECE
:1000B00024EF31E040E050E053962D933D934D9373
:1000C0005C93569781E012968C93EBEAF6E6F093F8
:1000D0008E04E0938D04F394F09291046ACDCE01E6
:1000E0008B960E949D68082FCE018B960E949D687A
:1000F000182FCE018B960E949D68909175042091D7
:100100007404921709F483CDE0909704F09098045A
:10011000F2E19F9FE00CF11C1124D70113961C9271
:100120001E92129715961C92159716961C9216976A
:1001300017961C92179718961C92189719961C924E
:1001400019971F960C931F9750961C935097519692
:100150008C93519791E01E969C931E9714960C9346
:1001600014971A961C931A971B968C931B971C96A0
:100170001C921C971D961C920E948A51F7011582B1
:100180008385823010F098E09583D7011C969C916E
:100190001C97992341F0813031F415968C91159775
:1001A000846015968C9362E370E080E090E00E949A
:1001B0006245F7016585C7010E949F5660E3C7014C
:1001C0000E949F568BE496E40197F1F760E3C70124
:1001D0000E949F568BE496E40197F1F760E3C70114
:1001E0000E949F5683E592E00197F1F760E2C70114
:1001F0000E949F56D70115966C91606240E0C7013E
:100200000E942D5684E0F701868340E06CE0C70130
:100210000E942D56C7010E94815682E0D701179691
:100220008C9340E066E0C7010E942D5640E062E0FA
:10023000C7010E942D568BE39FE10197F1F788E0FB
:10024000F701858784810E94E740D7011D968C9134
:1002500090E00E94CB5481E690E10E94DC548CE057
:100260008093B800F7018685882301F1C7010E94B9
:100270008156D70151961C911330F0F0169511500C
:10028000412F6CE374E0C7010E948E67F7018189FA
:10029000823038F041E0410F67E474E0C7010E940A
:1002A0008E6740E060E0C7010E945256809175045D
:1002B0008F5F80937504ABCC10E0E2CFCE018B96BC
:1002C0000E949D68E82ECE018B960E949D68F0905A
:1002D000800490917604F91609F46BCC2DA53EA507
:1002E00090E1AFA5B8A91D929A95E9F7188E1F8ADB
:1002F000198E1E8E9EE100917E0410917F04F99E5E
:10030000000D111D1124F201D80101900D929A9552
:10031000E1F7F8018583E2822D5D334F318320833D
:1003200062E08E2D0E94374338E0E32ED8015D96BF
:100330008C91882319F0C8010E94395FEA94E1107A
:10034000F5CFF8018689978923E0969587952A95B8
:10035000E1F79483838381E0858F2AEE36E630933C
:100360007D0420937C04F394F092800422CCCE018F
:100370008B960E949D68182FCE018B960E949D68D7
:10038000D82ECE018B960E949D68082FCE018B96A9
:100390000E949D689091780420917704921709F447
:1003A00036CCE0909904F0909A0437E0939FE00CEB
:1003B000F11C112491E0D70116969C9316971C937B
:1003C0001196DC92119712960C93129713968C93B8
:1003D00061E0812F0E94374361E0F70181810E9433
:1003E000374361E0D70112968C910E943743F701A1
:1003F000038110E0C8010E94165B8823F1F0C80158
:100400000E945466D70115969C938E93149780E0B2
:10041000F7019381891740F40480F581E02DE80FFE
:10042000F11D10828F5FF4CFC7010E942D61809172
:1004300078048F5F80937804EACB63E778E785E000
:100440000E946165E4CBCE018B960E949D68182FB7
:10045000CE018B960E949D68D82ECE018B960E946D
:100460009D68082FCE018B960E949D689091940400
:1004700020917904921709F49CCB2DA53EA5E0901C
:100480009204F0909304F9E09F9FE00CF11C11247A
:10049000D70116961C92169712961C9312971396D4
:1004A000DC92139714960C9314972D5D334F11968D
:1004B0003C932E9315968C9361E0812F0E943743D5
:1004C00061E0F70183810E94374360E0D701149611
:1004D0008C910E943743F701058110E0C8010E940A
:1004E000165B882339F1C8010E945466D70118961B
:1004F0009C938E93179780E0F7019581891740F4BC
:100500000780F085E02DE80FF11D10828F5FF4CF9A
:1005100081E0868360E0C7010E946B61E2E9F6E654
:10052000F0939604E0939504809194048F5F8093F8
:1005300094043FCB60EA78E785E00E94616539CB9F
:10054000CE018B960E949D68F82ECE018B960E945C
:100550009D68E82ECE018B960E949D68082FCE01E3
:100560008B960E949D68182FCE018B960E949D68E5
:10057000E0926D1000936E1010936F1080937010C6
:10058000109271100DE610E161E0D8018D918D019E
:100590000E943743E1E7F0E1E017F107A9F7809106
:1005A000711081608093711060E08DE690E10E948F
:1005B000EC5CCE018B960E949D68909188042091FE
:1005C0007A04921709F4F5CA2DA53EA54DE650E12F
:1005D00050938C0440938B040091860410918704FF
:1005E00056E0959F000D111D11242D5D334FD8014C
:1005F00011963C932E9313961C92139715961C926A
:100600001E9214971296FC921297813019F482E090
:1006100013968C9362E08F2D0E943743F8018381FB
:100620008160838360E0C8010E946A5E2EEB36E63B
:1006300030938A0420938904809188048F5F80938B
:100640008804B7CACBA4DCA46EE2CE018B960E94CC
:100650006D68811113C010E0CE018B960E949D68D9
:10066000082F882309F425C111118FC810920A1090
:100670006EE479E785E00E9461651EC1EBA4FCA4ED
:100680006EE2CE018B960E946D68882321F36EE2A4
:10069000CE018B960E946D688823E9F28090F30A60
:1006A00080917B04881609F4B2CA34E0839EC001AD
:1006B00011248090F10A9090F20A880E991ED401BC
:1006C0001C9213961C921AA619A6B201C6010E948A
:1006D000D3676EE474E0C2010E94BA95892B19F4C5
:1006E00081E0F4018383D40113968C9161EF78E764
:1006F000813009F0DAC084E090E00E94165B69E284
:1007000079E7882309F4D1C0B201C7010E94D367F9
:10071000AE01475D5F4F61EB73E0C2010E9425901F
:100720000E94DC8F182F84E090E00E9454666C01D8
:10073000009711F0FC011082D4011296DC92CE9247
:100740001197F60111830E948A518CE08093B800C2
:1007500086E090E00E94165B81117FC06CEC78E728
:1007600085E00E946165D4011196CD90DC90F60180
:100770008081882309F468C060E0C6010E94E35FBD
:10078000D60112968D919C910E94BF87F6018281BD
:1007900093810E943260C6010E94CD6F61E0C60164
:1007A0000E94E35FD60112968D919C910E94BF87B3
:1007B000F601828193810E943260D60112968D915A
:1007C0009C910E94F340C6010E94C06E66E0C60183
:1007D0000E94E35FF601828193810E94BF87C60178
:1007E0000E94DD6D65E0C6010E94E35FD6011296AE
:1007F0008D919C910E94BF87C6010E946B6C64E042
:10080000C6010E94E35FF601828193810E94BF8747
:10081000C6010E94F26B63E0C6010E94E35FD6014D
:1008200012968D919C910E94BF87C6010E944B6ACF
:1008300062E0C6010E94E35FF601828193810E941B
:10084000BF87C6010E94137781E0D4018C93809109
:10085000F30A8F5F8093F30ADAC9D60111968C915F
:1008600080FF12C086E090E00E9454663C01009731
:1008700021F070E060E00E94FE86F60173826282E1
:1008800081E0F60180836FCF86E090E00E9454669D
:100890003C01009721F061E070E00E94FE86D601E5
:1008A00013967C926E921297EBCF85E00E94616561
:1008B000CECF112309F4DACEE0960FB6F894DEBF5E
:1008C0000FBECDBFDF91CF911F910F91FF90EF90A1
:1008D000DF90CF90BF90AF909F908F907F906F9060
:1008E0005F904F903F902F9008950E94627B0C94F0
:1008F0006D661F920F920FB60F9211242F933F93A4
:100900008F939F93AF93BF9380911A0C90911B0C80
:10091000A0911C0CB0911D0C3091190C23E0230FF9
:100920002D3758F50196A11DB11D2093190C809308
:100930001A0C90931B0CA0931C0CB0931D0C80916F
:100940001E0C90911F0CA091200CB091210C0196CF
:10095000A11DB11D80931E0C90931F0CA093200C21
:10096000B093210CBF91AF919F918F913F912F91A7
:100970000F900FBE0F901F90189526E8230F029638
:10098000A11DB11DD2CF1F920F920FB60F9211244D
:100990000BB60F922F933F934F935F936F937F9379
:1009A0008F939F93AF93BF93EF93FF9386E790E16D
:1009B0000E945F46FF91EF91BF91AF919F918F9100
:1009C0007F916F915F914F913F912F910F900BBE4F
:1009D0000F900FBE0F901F9018951F920F920FB699
:1009E0000F9211240BB60F922F938F939F93EF9337
:1009F000FF93E0918610F09187108081E0918C1038
:100A0000F0918D1082FD1CC0908180918F108F5FBE
:100A100020919010821741F0E0918F10F0E0EA5899
:100A2000FF4E958F80938F10FF91EF919F918F9143
:100A30002F910F900BBE0F900FBE0F901F90189527
:100A40008081F2CF1F920F920FB60F9211240BB636
:100A50000F922F933F934F935F936F937F938F9357
:100A60009F93AF93BF93EF93FF9348E251E064E20B
:100A700071E090E080E00E947750FF91EF91BF918C
:100A8000AF919F918F917F916F915F914F913F9126
:100A90002F910F900BBE0F900FBE0F901F901895C7
:100AA0001F920F920FB60F9211240BB60F922F9335
:100AB0003F934F935F936F937F938F939F93AF93E6
:100AC000BF93EF93FF9348EA50E064EA70E083E05D
:100AD00090E00E947750FF91EF91BF91AF919F916D
:100AE0008F917F916F915F914F913F912F910F90D7
:100AF0000BBE0F900FBE0F901F9018951F920F9274
:100B00000FB60F9211240BB60F922F933F934F9372
:100B10005F936F937F938F939F93AF93BF93EF9365
:100B2000FF9348E950E064E970E082E090E00E94C1
:100B30007750FF91EF91BF91AF919F918F917F91EE
:100B40006F915F914F913F912F910F900BBE0F903E
:100B50000FBE0F901F9018951F920F920FB60F9215
:100B600011240BB60F922F933F934F935F936F9384
:100B70007F938F939F93AF93BF93EF93FF9348E837
:100B800050E064E870E081E090E00E947750FF91CF
:100B9000EF91BF91AF919F918F917F916F915F91F5
:100BA0004F913F912F910F900BBE0F900FBE0F9062
:100BB0001F9018951F920F920FB60F9211240BB62B
:100BC0000F922F933F934F935F936F937F938F93E6
:100BD0009F93AF93BF93EF93FF938091B900887F6A
:100BE000803609F44DC008F040C0883209F4A9C02D
:100BF00028F5803109F49DC0C8F4882309F4FBC0AE
:100C0000883009F496C0FF91EF91BF91AF919F9109
:100C10008F917F916F915F914F913F912F910F90A5
:100C20000BBE0F900FBE0F901F901895883109F4DE
:100C300088C0803241F78093351014C0803409F4A5
:100C40009DC040F48033B9F38833E9F680933510C2
:100C500085ECB0C0803509F485C0883509F496C0AC
:100C6000883489F60E94E072CECF883909F48CC0AE
:100C700038F5883729F050F4883611F0803719F6A6
:100C800083E0809337101092570B57C0883809F4CF
:100C90007BC0803919F0803809F0B5CF8091570BAF
:100CA000803208F071C0E091570B81E08E0F809385
:100CB000570B8091BB00F0E0E95CF44F80833DC0AE
:100CC000803B39F0E0F4803A09F479C0883A09F0C1
:100CD0009ACF84E0809337101092360B1092350B28
:100CE000E0910D10F0910E1019958091350B811146
:100CF0000FC081E08093350B1092150B09C0803C2A
:100D000009F4A6CF883C09F4A3CF883B09F07BCF38
:100D1000E091360B81E08E0F8093360BF0E0EB5EB6
:100D2000F44F80818093BB009091360B8091350BFE
:100D300029C0809112108093BB0085EC8093BC0089
:100D400062CF9091341080913310981758F5E0914C
:100D5000341081E08E0F80933410F0E0ED5EFF4E92
:100D60008081E9CFE091341081E08E0F80933410C0
:100D70008091BB00F0E0ED5EFF4E808390913410D7
:100D8000809133109817C8F285E8D8CFE0913410DD
:100D900081E08E0F809334108091BB00F0E0ED5E17
:100DA000FF4E80838091361081115CCF81E080936B
:100DB000111084EA8093BC001092371024CF85EC88
:100DC0008093BC00109237108091570B803230F422
:100DD000E091570BF0E0E95CF44F10826091570B03
:100DE00070E0E0910B10F0910C1087E39BE01995F7
:100DF0001092570B08CF1092351034CFCF93DF935A
:100E0000EC0179836883672B09F05BC080E490E094
:100E10000E94165B6FEA77E7882309F45AC080E4E2
:100E200090E00E945466FC01892B09F445C01382AE
:100E3000128220E830E03583248380E490E09783B9
:100E400086833187208793878287168A1586148642
:100E50001786168681E0858B848B2FEF3FEF338BCF
:100E6000228B318B208B878B108E128E118E81E519
:100E700092E091838083148E138E81E690E1968FA9
:100E8000858F10A2178E8FEF84A385A386A387A3D7
:100E900080A780E89AE1A6E0B0E085AB96ABA7AB6F
:100EA000B0AF80EA96E8A1E0B0E081AF92AFA3AF27
:100EB000B4AF80E586AF17AEFB83EA83DF91CF91B5
:100EC00008958BE390E00E94165B811107C06AE8E9
:100ED00077E785E0DF91CF910C9461658BE390E03B
:100EE0000E945466FC01892B09F446C013821282C9
:100EF00020E830E03583248380E490E09783868384
:100F00003187208793878287168A158614861786ED
:100F1000168621E0258B248B8FEF9FEF938B828B9E
:100F2000918B808B278B108E128E118E148E138EC8
:100F3000168E158E40E85AE166E070E0478F50A3A8
:100F400061A372A340EA56E861E070E043A354A3B2
:100F500065A376A310A617A292AB81AB94AB83AB2B
:100F600096AB85AB27AB81E690E191AF80AF12AE37
:100F70008AEE92E091838083FD83EC839FCFCF92B2
:100F8000DF92EF92FF920F931F93CF93DF931F9205
:100F9000CDB7DEB7FC0180819181892B09F0ABC10F
:100FA00002811381D8015F968D919C919097892B36
:100FB00009F457C0C8010E94EC6982E0F80182A3DD
:100FC000858D968D892B09F077C061E086A10E94FE
:100FD000374361E0F80187A10E943743D801969614
:100FE0008C919697082E000C990BFC01EA5DFF4747
:100FF000E491F0E0EE0FFF1FE45FFF47259134918D
:10100000F80136A725A7FC01EA53F048E491D396EE
:10101000EC93D39797968C91082E000C990BFC01BA
:10102000EA5DFF47E491F0E0EE0FFF1FE45FFF474A
:10103000A591B491F801B0ABA7A7FC01EA53F04821
:101040009491F80194AB8C91E92FE82BEC93D801A3
:101050005B968D919C91892B09F4D3C00E947343B8
:101060002FC016962D913C91C901079697FD0796C2
:10107000B3E095958795BA95E1F7F801248135811C
:10108000AC01429FC001439F900D529F900D1124CF
:101090000E949F93D80190969C938E935F97892B83
:1010A00009F088CF0F90DF91CF911F910F91FF90A2
:1010B000EF90DF90CF9008958CE381A30E948A5136
:1010C000D80198968C9187FD1FC061E00E9437433C
:1010D00061E0F80180A50E94094361E070E080E0D2
:1010E00090E00E94624560E0D80198968C910E9441
:1010F00009436AE070E080E090E00E94624561E0B0
:10110000F80180A50E940943D8015D968D919C91BC
:101110005E97892B09F4BBC0D5966D917D918D9119
:101120009C91D8970E94595144E062EC7FE7C80136
:101130000E94FE54F80166816150C8010E949455D6
:1011400044E06EEB7FE7C8010E94FE54D8019296FE
:101150008C9164E1813009F460E1C8010E949455EA
:1011600044E06AEB7FE7C8010E94FE548FE8F80173
:1011700085AF848195818038910509F09FC0868173
:1011800097818034910509F0A7C082A1813009F4CC
:1011900093C08FECD801DD968C9342E1F42E6AED7A
:1011A000C8010E9494556F2DC8010E94945561E8B2
:1011B000C8010E949455F80165ADC8010E9494557C
:1011C00069EDC8010E949455D80192968C9161EF07
:1011D000813009F462E2C8010E94945546E064EB54
:1011E0007FE7C8010E94FE54F801858D968D892BFA
:1011F00009F477C061AD72AD83AD94AD0E945951D1
:1012000051CF61E0F80184A10E94374361E0D80129
:1012100095968C910E943743F80184A1082E000C0A
:10122000990BFC01EA5DFF47E491F0E0EE0FFF1F30
:10123000E45FFF4725913491D8019A963C932E9311
:101240009997FC01EA53F048E491D196EC93D19739
:1012500095968C91082E000C990BFC01EA5DFF47D6
:10126000E491F0E0EE0FFF1FE45FFF47A591B4911A
:10127000F801B4A7A3A7FC01EA53F0489491F80140
:1012800092AB8C91E92FE095E823EC9319CFF8010C
:10129000838D948D892B21F086AD97AD0E947D4979
:1012A000D8019F96ED91FC91D0979081D4968C9126
:1012B00080958923808338CF8FE96CCF8036910564
:1012C00059F486819781409739F482A1813039F0B1
:1012D0008FEAD801DD968C9332E0F32E60CF80E167
:1012E000F8CFD80107A4F0A9E02D8081D4969C9175
:1012F000892B8083D7CEE480F580F70187A190A564
:10130000892B09F476C0D701D5968D919C9197FDD4
:1013100025C061E00E94374361E0F70185A90E9482
:1013200009436AE070E080E090E00E94624560E07E
:10133000D701D5968C910E9409436AE070E080E065
:1013400090E00E94624561E0F70185A90E9409438F
:101350006AE070E080E090E00E946245D701D89694
:10136000CD90DC90D997C114D10409F489C086E0EE
:1013700090E00E949F938C018CE3F8018083D282DD
:10138000C182138280E290E095838483D7015E96C8
:101390001C930E935D970115110509F44FC00E942F
:1013A0008A5181E0F8018383C8010E94DF548823B9
:1013B00009F444C0C7010E940A6AD7019A961C9298
:1013C0001E9299979C961C921E929B9714968D91B3
:1013D0009C91159701979E969C938E939D97169638
:1013E0008D919C9117970197D0969C938E939F9780
:1013F00025C027A984819581289FA001299F500D90
:10140000112426813781C901079697FD079623E0AD
:10141000959587952A95E1F79C01429FC001439FCE
:10142000900D529F900D11240E949F93D701989682
:101430009C938E939797892B09F065CF82E0F701F3
:1014400082AF858D968D009709F462C0198201E004
:1014500010E09E012F5F3F4F49E150E062E373E0EF
:101460000E94B252882309F41DCE64E670E080E049
:1014700090E00E9462456FEAC7010E940C5412CEB0
:101480005B960D911C9101151105C1F2F801838540
:101490008F3F49F061E00E94374361E0D8011B961D
:1014A0008C910E940943F80180819181892B61F020
:1014B0000E94734381E0D8015B968C9361E0F70151
:1014C00081A90E94374376CF61E084850E9437432B
:1014D000F80182858B7FC9F460E084850E9409430E
:1014E000F80185858F3F49F061E00E94374361E054
:1014F000D8011D968C910E940943F80186858F3F83
:10150000C9F260E00E943743D5CF61E08485E6CF21
:1015100060E081A90E94094349E150E062E373E081
:10152000F701838D948D0E9480499CCF1092791091
:101530001092781088EE93E0A0E0B0E080937A10EB
:1015400090937B10A0937C10B0937D102FE433E038
:10155000309377102093761025EC30E03093831091
:101560002093821024EC30E0309385102093841077
:1015700020EC30E0309387102093861021EC30E08F
:10158000309389102093881022EC30E030938B1038
:1015900020938A1026EC30E030938D1020938C102D
:1015A00010928F1010929010109291101092921031
:1015B00010926410109263108093651090936610DF
:1015C000A0936710B093681081E693E09093621047
:1015D00080936110109271108FEF80936D10809343
:1015E0006E1080936F10809370101092751010928F
:1015F00074101092AA121092A91286E790E19093AB
:10160000A5128093A4121092DB118CE28093A71292
:101610008BE38093A6128FE28093A81280E68093DA
:10162000D6118FE58093D7111092D5111092A01288
:1016300010929F121092A2121092A11281E0809338
:101640009D12EBEAF2E181EF92E1119211928E1775
:101650009F07D9F71092DA116EE574E081E293E109
:101660000E949A6963E674E08BE193E10E949A69B3
:101670006EE574E085E193E10E949A6963E674E0A7
:101680008FE093E10E949A6964E773E089E093E157
:101690000E949A6964E773E083E093E10E949A698B
:1016A00062E773E08DEF92E10E949A6962E773E06E
:1016B00087EF92E10E949A6968E674E081EF92E117
:1016C0000C949A69789484B5826084BD84B58160F5
:1016D00084BD85B5826085BD85B5816085BD8091FD
:1016E0006E00816080936E00109281008091810075
:1016F000826080938100809181008160809381006D
:10170000809180008160809380008091B10084602E
:101710008093B1008091B00081608093B00080918F
:10172000910082608093910080919100816080930C
:101730009100809190008160809390008091A10041
:1017400082608093A1008091A10081608093A100BC
:101750008091A00081608093A0008091210182602F
:1017600080932101809121018160809321018091EA
:10177000200181608093200180917A0084608093B1
:101780007A0080917A00826080937A0080917A005A
:10179000816080937A0080917A00806880937A00DB
:1017A0001092C100E0918610F091871082E0808352
:1017B000E0918210F09183101082E0918410F091FA
:1017C000851080E1808310928E10E0918A10F09154
:1017D0008B1086E08083E0918810F09189108081E1
:1017E00080618083E0918810F09189108081886009
:1017F0008083E0918810F0918910808180688083D7
:10180000E0918810F091891080818F7D808380E045
:1018100090E1909375108093741089E795E690930A
:10182000AA128093A91285E992E79093AC12809353
:10183000AB128BE291E79093AE128093AD1284EBE2
:1018400092E79093E0128093DF128EEE92E69093EF
:10185000B0128093AF1280E594E79093B212809318
:10186000B11284E093E69093D6128093D51288E16A
:1018700093E69093D8128093D7128AEF93E79093D0
:10188000EA128093E91281E793E69093B412809371
:10189000B31280EC96E79093BE128093BD128CE257
:1018A00098E69093C4128093C3128BE695E79093C9
:1018B000C2128093C11288E895E69093C612809375
:1018C000C5128FE496E69093C8128093C71285E7FD
:1018D00094E89093CC128093CB128CE096E790938F
:1018E000D2128093D11280EB96E79093D41280931A
:1018F000D31280EF91E69093DA128093D9128FE998
:1019000094E69093D0128093CF1289E694E6909358
:10191000DE128093DD128EEF94E79093E2128093B3
:10192000E11288E59AE79093EC128093EB1281E044
:101930008093DB1190E080E00E94C867833271F4ED
:101940000BE012E0D0E0C0E02196CE010E948D9124
:10195000D8018D938D01CF32D105B1F71092EF0BE5
:101960001092EE0B8BE390E0EC0121960E94C86789
:10197000882309F405C18091EE0B9091EF0B01963D
:101980009093EF0B8093EE0BCE01C130D04161F705
:1019900064E27FE785E00E9461650E949445609360
:1019A000F90B7093FA0B8093FB0B9093FC0B0E9446
:1019B00094456093FD0B7093FE0B8093FF0B909307
:1019C000000C0E9494456E5F7F4F8F4F9F4F609336
:1019D000010C7093020C8093030C9093040C0E94F2
:1019E00094456C5F7F4F8F4F9F4F6093050C7093B2
:1019F000060C8093070C9093080C0E9494456C5F32
:101A00007F4F8F4F9F4F6093090C70930A0C809308
:101A10000B0C90930C0C0E9494456A5F7F4F8F4F84
:101A20009F4F60930D0C70930E0C80930F0C90934E
:101A3000100C0E949445685F7F4F8F4F9F4F6093BB
:101A4000110C7093120C8093130C9093140CCC24F3
:101A5000C394DD24D3943EE0732E8091DA1181117A
:101A6000C9C08091A4129091A512DC01ED91FC9166
:101A70000084F185E02D1995892B09F4BBC0809174
:101A8000A4129091A512DC01ED91FC910084F185E6
:101A9000E02D199520E6E22EF12C8036910564F4B4
:101AA0008091A4129091A512DC01ED91FC9100842B
:101AB000F185E02D19957C01C091A412D091A51259
:101AC0009CE3892E92E1992E540110E000E0E0168B
:101AD000F10609F05AC0D0E0C0E0EC16FD0609F4AA
:101AE000BCCFF40191914F0110929C123091A81239
:101AF0002091D9119093D911931304C0921302C06D
:101B00001092D9118091D511E82FF0E04091A612E2
:101B1000ED52FE4E94135CC0321709F459C0118681
:101B2000882321F0D0929C121092D9111092D511D5
:101B30001092A01210929F121092A2121092A11253
:101B4000D0929D1280919C12813009F051C00E9468
:101B5000DA628093D411833208F044C020919E123F
:101B6000222309F43FC0FC01FF27EE0FFF1FE555BC
:101B7000FD4E0190F081E02D3097A1F1199538C00C
:101B80000E94627B0E946D6608CF0E949445688720
:101B900079878A879B87E881F9810284F385E02D24
:101BA000CE01199597FF2CC10E949445288539854F
:101BB0004A855B85621B730B840B950B2C813D81E1
:101BC0004E815F81621773078407950720F383CFE7
:101BD00091878F5F8093D5119091D711891708F065
:101BE000A5CFB0CFE091A912F091AA12309731F6AB
:101BF000219673CF8090F00B9090F10BA090F20B98
:101C0000B090F30B8091F40B811100C10E949445B8
:101C1000681979098A099B09613A7B4B8D409105C6
:101C200018F081E00E94DE718091F50B882309F4A1
:101C3000E4C04AE069EF7BE084E09FE50E94E15A5E
:101C400041E06DEF7BE088E19DE50E94E15AF12CD7
:101C50008091F80BF81608F0ADC0C091F60BD0914A
:101C6000F70BF79CC00DD11D11248881882309F43E
:101C70009BC00A811B81F80184A195A1A6A1B7A1EF
:101C8000892B8A2B8B2B09F440C00E943D454B01C8
:101C90005C01F80180A591A5A2A5B3A5B501A40199
:101CA000481B590B6A0B7B0B84A195A1A6A1B7A178
:101CB000481759076A077B0728F184859585A6850B
:101CC000B7852281222309F471C00196A11DB11D9F
:101CD00084879587A687B787D8011C964D915D911B
:101CE0006D917C911F97ED91FC910680F781E02D1D
:101CF000C8011995F80180A691A6A2A6B3A6C801AD
:101D00000E941D598881882331F18C810E94E04214
:101D10009D81891701F18D8381111DC088818823E0
:101D2000D1F089818823B9F0EA81FB811486158678
:101D300016861786108A118A128A138A14AA15AA7F
:101D400016AA17AA14A215A216A217A2148A158AF7
:101D5000168A178A19828A819B814A852C85429F1F
:101D6000A0011124052E000C660B770B0E811F813C
:101D700028853985400F511F621F731FDC011C9697
:101D80000D911D912D913C911F97401751076207AE
:101D9000730751F42B85222339F0ED91FC910190CA
:101DA000F081E02D1995CD86F39452CF0197A109CA
:101DB000B1098ECF45E061E07CE086E49BE50E94BE
:101DC000E15A42E369E07CE08FE99FE50E94E15A35
:101DD0004AE065E07CE085E89FE50E94E15A4AE040
:101DE0006DE07CE088ED91E60E94E15A4AE061E115
:101DF0007CE08AEC9EE50E94E15A0E94EE462DCEE0
:101E0000F50181935F010F5F1F4F61CE0E949445E2
:101E1000681979098A099B09603A7B4B8D409105C5
:101E200008F002CF80E0FECE81EF92E10E94AB6924
:101E300087EF92E10E94AB698DEF92E10E94AB695E
:101E400083E093E10E94AB6989E093E10E94AB6972
:101E50008FE093E10E94AB6985E193E10E94AB6959
:101E60008BE193E10E94AB6981E293E10C94AB6951
:101E70008F929F92AF92BF92CF92DF92EF92FF929A
:101E8000CF93DF93EC01688179818A819B81611511
:101E900071058105910521F464E279ED8BE597E008
:101EA0002DE133EF41E050E00E94A39149015A0136
:101EB0009B01AC01A7EAB1E40E94C2916B017C01D5
:101EC000ACEEB4EFA50194010E94D091C60ED71ECE
:101ED000E81EF91EF7FE06C081E0C81AD108E10825
:101EE00080E8F80AC882D982EA82FB82C701B6017B
:101EF0009F77DF91CF91FF90EF90DF90CF90BF90D1
:101F0000AF909F908F9008958F929F92AF92BF92C3
:101F1000CF92DF92EF92FF9260913B0270913C0270
:101F200080913D0290913E026115710581059105F8
:101F300021F464E279ED8BE597E02DE133EF41E0A8
:101F400050E00E94A39149015A019B01AC01A7EA0C
:101F5000B1E40E94C2916B017C01ACEEB4EFA5012B
:101F600094010E94D091C60ED71EE81EF91EF7FEFE
:101F700006C081E0C81AD108E10880E8F80AC092DA
:101F80003B02D0923C02E0923D02F0923E02C70139
:101F9000B6019F77FF90EF90DF90CF90BF90AF900A
:101FA0009F908F90089560933B0270933C028093C2
:101FB0003D0290933E020895FC0188279927E894FA
:101FC00021912032E9F3293010F02E30C8F32B3262
:101FD00041F02D3239F4689404C00E946190820F60
:101FE000911D219120532A30C0F31EF490958195C4
:101FF0009F4F08951F93FC0199278827BC01E894FF
:1020000011911032E9F3193010F01E30C8F31B3271
:1020100051F01D3249F4689406C00E944C90610F43
:10202000711D811D911D119110531A30B0F33EF4B2
:1020300090958095709561957F4F8F4F9F4F1F9121
:10204000089547E253E10C942590FA01A191B081E3
:10205000009719F41097E1F0CD01DC01CD010D904E
:10206000002011F4C00113C0FB012191222319F0BB
:102070002015D9F7F3CFFB012191201519F41E92F9
:10208000119606C02223C1F70D900020A1F7D001C0
:10209000FA01A193B0830895592F482F372F262F87
:1020A000660F771F881F991F660F771F881F991F5C
:1020B000620F731F841F951F660F771F881F991F5C
:1020C00008957AE0979F902D879F802D910D112480
:1020D00008950E94AB9008F481E00895E89409C047
:1020E00097FB3EF490958095709561957F4F8F4F4B
:1020F0009F4F9923A9F0F92F96E9BB279395F69561
:10210000879577956795B795F111F8CFFAF4BB0FDE
:1021100011F460FF1BC06F5F7F4F8F4F9F4F16C042
:10212000882311F096E911C0772321F09EE8872FCC
:10213000762F05C0662371F096E8862F70E060E088
:102140002AF09A95660F771F881FDAF7880F969501
:10215000879597F90895990F0008550FAA0BE0E8A5
:10216000FEEF16161706E807F907C0F01216130659
:10217000E407F50798F0621B730B840B950B39F499
:102180000A2661F0232B242B252B21F408950A26FF
:1021900009F4A140A6958FEF811D811D08950E942D
:1021A000E2900C9453910E94459138F00E944C911A
:1021B00020F0952311F00C943C910C944291112441
:1021C0000C9487910E94649170F3959FC1F3950FD1
:1021D00050E0551F629FF001729FBB27F00DB11DAB
:1021E000639FAA27F00DB11DAA1F649F6627B00D3B
:1021F000A11D661F829F2227B00DA11D621F739F24
:10220000B00DA11D621F839FA00D611D221F749F31
:102210003327A00D611D231F849F600D211D822F78
:10222000762F6A2F11249F5750409AF0F1F088239F
:102230004AF0EE0FFF1FBB1F661F771F881F9150CC
:102240005040A9F79E3F510580F00C943C910C94AE
:1022500087915F3FE4F3983ED4F386957795679531
:10226000B795F795E7959F5FC1F7FE2B880F911DF6
:102270009695879597F9089597F99F6780E870E09C
:1022800060E008959FEF80EC089500240A941616EC
:10229000170618060906089500240A941216130654
:1022A000140605060895092E0394000C11F48823E2
:1022B00052F0BB0F40F4BF2B11F460FF04C06F5FFE
:1022C0007F4F8F4F9F4F089557FD9058440F551FD4
:1022D00059F05F3F71F04795880F97FB991F61F0A8
:1022E0009F3F79F087950895121613061406551F1F
:1022F000F2CF4695F1DF08C0161617061806991F8B
:10230000F1CF86957105610508940895E894BB277F
:1023100066277727CB0197F90895F999FECF92BDEB
:1023200081BDF89A992780B50895262FF999FECF97
:102330001FBA92BD81BD20BD0FB6F894FA9AF99AE2
:102340000FBE01960895052E97FB1EF400940E947F
:10235000BA9157FD07D00E94D59107FC03D04EF4E7
:102360000C94BA9150954095309521953F4F4F4F21
:102370005F4F089590958095709561957F4F8F4F31
:102380009F4F08950E94F791A59F900DB49F900DC7
:10239000A49F800D911D11240895B7FF0C94C29144
:1023A0000E94C291821B930B0895A1E21A2EAA1BD0
:1023B000BB1BFD010DC0AA1FBB1FEE1FFF1FA217F5
:1023C000B307E407F50720F0A21BB30BE40BF50BF2
:1023D000661F771F881F991F1A9469F7609570957B
:1023E000809590959B01AC01BD01CF010895A29FFE
:1023F000B001B39FC001A39F700D811D1124911DD9
:10240000B29F700D811D1124911D0895DB018F93E2
:102410009F930E94C291BF91AF91A29F800D911D89
:10242000A39F900DB29F900D11240895991B79E000
:1024300004C0991F961708F0961B881F7A95C9F754
:1024400080950895EE0FFF1F881F8BBF0790F691B0
:10245000E02D19945058BB27AA270E9442920C9451
:1024600053910E94459138F00E944C9120F039F42C
:102470009F3F19F426F40C9442910EF4E095E7FB8B
:102480000C943C91E92F0E94649158F3BA176207AB
:1024900073078407950720F079F4A6F50C948691CC
:1024A0000EF4E0950B2EBA2FA02D0B01B90190016F
:1024B0000C01CA01A0011124FF27591B99F0593FB3
:1024C00050F4503E68F11A16F040A22F232F342FFB
:1024D0004427585FF3CF469537952795A795F04049
:1024E0005395C9F77EF41F16BA0B620B730B840B5E
:1024F000BAF09150A1F0FF0FBB1F661F771F881F16
:10250000C2F70EC0BA0F621F731F841F48F487956D
:1025100077956795B795F7959E3F08F0B0CF93955F
:10252000880F08F09927EE0F9795879508950E94D8
:10253000AB920C9453910E944C9158F00E9445919B
:1025400040F029F45F3F29F00C943C9151110C9418
:1025500087910C9442910E94649168F39923B1F39E
:10256000552391F3951B550BBB27AA2762177307B9
:10257000840738F09F5F5F4F220F331F441FAA1F4D
:10258000A9F335D00E2E3AF0E0E832D09150504009
:10259000E695001CCAF72BD0FE2F29D0660F771FB7
:1025A000881FBB1F261737074807AB07B0E809F09D
:1025B000BB0B802DBF01FF2793585F4F3AF09E3F22
:1025C000510578F00C943C910C9487915F3FE4F3B3
:1025D000983ED4F3869577956795B795F7959F5F65
:1025E000C9F7880F911D9695879597F90895E1E0B1
:1025F000660F771F881FBB1F621773078407BA0710
:1026000020F0621B730B840BBA0BEE1F88F7E0956A
:1026100008950E9410936894B1110C9487910895C5
:102620000E946C9188F09F5798F0B92F9927B75165
:10263000B0F0E1F0660F771F881F991F1AF0BA9566
:10264000C9F714C0B13091F00E948691B1E00895AD
:102650000C948691672F782F8827B85F39F0B93F9F
:10266000CCF3869577956795B395D9F73EF4909519
:102670008095709561957F4F8F4F9F4F08950E9471
:10268000AB9008F48FEF089519F416F40C9442916E
:102690000C948A930E946C91B8F39923C9F3B6F312
:1026A0009F57550B87FF0E9498930024A0E640EAAD
:1026B000900180585695979528F4805C660F771F97
:1026C000881F20F026173707480730F4621B730B6A
:1026D000840B202931294A2BA6951794079420258D
:1026E00031254A2758F7660F771F881F20F02617D5
:1026F0003707480730F4620B730B840B200D311D34
:10270000411DA09581F7B901842F9158880F9695A6
:10271000879508959F3F31F0915020F487957795E4
:102720006795B795880F911D9695879597F90895A8
:1027300091505040660F771F881FD2F708950F936E
:102740001F93CF93DF938230910510F482E090E0E5
:10275000E0912B13F0912C1330E020E0B0E0A0E0EA
:10276000309799F42115310509F44AC0281B390B1B
:1027700024303105D8F58A819B816115710589F175
:10278000FB0193838283FE0111C04081518102814C
:10279000138148175907E0F04817590799F4109723
:1027A00061F012960C93129713961C933296CF01F8
:1027B000DF91CF911F910F91089500932B131093E8
:1027C0002C13F4CF2115310551F04217530738F07F
:1027D000A901DB019A01BD01DF01F801C1CFEF01C1
:1027E000F9CF90932C1380932B13CDCFFE01E20FE2
:1027F000F31F819391932250310939832883D7CFD6
:102800002091291330912A13232B41F42091410266
:102810003091420230932A132093291320913F02D2
:10282000309140022115310541F42DB73EB740915A
:10283000430250914402241B350BE0912913F0917F
:102840002A13E217F307A0F42E1B3F0B28173907B2
:1028500078F0AC014E5F5F4F2417350748F04E0FFC
:102860005F1F50932A1340932913819391939FCF15
:10287000F0E0E0E09CCFCF93DF930097E9F0FC011C
:10288000329713821282A0912B13B0912C13ED0179
:1028900030E020E01097A1F420813181820F931F56
:1028A0002091291330912A132817390709F061C0A4
:1028B000F0932A13E0932913DF91CF910895EA0151
:1028C000CE17DF07E8F54A815B819E01411551056E
:1028D000B1F7E901FB83EA8349915991C40FD51FF0
:1028E000EC17FD0761F4808191810296840F951F9A
:1028F000E90199838883828193819B838A83F0E0B5
:10290000E0E012968D919C9113970097B9F52D9167
:102910003C911197CD010296820F931F20912913AC
:1029200030912A132817390739F6309751F510924C
:102930002C1310922B13B0932A13A0932913BCCFFE
:10294000D383C28340815181840F951FC817D90753
:1029500061F44E5F5F4F88819981480F591F518301
:1029600040838A819B81938382832115310509F0FD
:10297000B0CFF0932C13E0932B139ECFFD01DC011D
:10298000C0CF13821282D7CF4F925F926F927F9205
:102990008F929F92AF92BF92CF92DF92EF92FF926F
:1029A0000F931F93CF93DF938C01009799F4CB0182
:1029B000DF91CF911F910F91FF90EF90DF90CF901B
:1029C000BF90AF909F908F907F906F905F904F904F
:1029D0000C949F93FC01E60FF71F9C0122503109D4
:1029E000E217F30708F4AEC0D901CD91DC9111973D
:1029F000C617D70720F1C530D10578F0CE0104976E
:102A00008617970750F0C61BD70B2297C193D19317
:102A10006D937C93CF010E943B94C801DF91CF91CD
:102A20001F910F91FF90EF90DF90CF90BF90AF90EC
:102A30009F908F907F906F905F904F9008955B0173
:102A4000AC1ABD0A4C018C0E9D1EA0912B13B091A7
:102A50002C13512C412CF12CE12C109731F5809145
:102A6000291390912A138815990509F05CC0461620
:102A7000570608F058C080913F029091400200979D
:102A800041F48DB79EB74091430250914402841B9C
:102A9000950BE817F90708F055C0F0932A13E09357
:102AA0002913F90171836083B8CF8D919C9111979F
:102AB00012966C90129713967C901397A815B905EF
:102AC00059F56C0142E0C40ED11CCA14DB0420F19C
:102AD000AC014A195B09DA011296159780F06282FF
:102AE000738251834083D9016D937C93E114F10487
:102AF00071F0D7011396FC93EE9312978ECF229626
:102B00008C0F9D1FF90191838083F301EFCFF09328
:102B10002C13E0932B1381CF4816590608F42C018F
:102B20007D01D3019ACFCB010E949F937C01009736
:102B300049F0AE01B8010E94AA95C8010E943B94D9
:102B400087016BCF10E000E068CF81E090E0F8945F
:102B50000C94CA95FB01DC0102C001900D9241501A
:102B60005040D8F70895DC0101C06D9341505040AA
:102B7000E0F70895FB01DC018D91019080190110AF
:102B8000D9F3990B0895FB01DC0101900D9200200F
:102B9000E1F7089510E4C7E3D0E400E006C0802F19
:102BA000FE010E9422922196011DC833D10780E0C8
:082BB0000807A9F7F894FFCF14
:102BB8003132333435363738393000476167616729
:102BC80075204643552D4546495300000000000036
:102BD80000000000000000000000000000000000ED
:102BE80000000000000000000000000100000000DC
:102BF800002D138000000040001400540000000065
:102C0800001E4DF14501573151C6489B4FC44F9C9A
:102C18004FB84FAC4FCB4F9B4FE44AF15536487FE6
:102C280048E44EC74E4F4EF04D000000010201002F
:102C38000000020100000101000101000101010181
:102C48000100000000009956F145015731517F6796
:102C5800B55600FF0100010000FFFF000001000160
:102C6800FF00020100050403000000001E4DF145AD
:102C780001573151D4499B4FC44F9C4FB84FAC4F6B
:102C8800CB4F9B4FE44A3F54624F294FE44EC74E07
:102C98004F4EF04DE268000000001E4DF14501570F
:102CA8003151D4499B4FC44F9C4FB84FAC4FCB4F79
:102CB8009B4FE44A3F54624F294FE44EC74E4F4E54
:102CC800F04D0153B369E26900000000385704571A
:102CD8009558D3587F58555834580058DF57895756
:102CE8005657AED580A83FD30040AD8BA1C8DA12A5
:102CF80081FFD91FDB4033A62010A400000000810B
:102D080046F1451E46CE464E462D4640460000003A
:102D1800009C546F5401579B4F6854555446540DAA
:102D28000A00303030303000414C54004C564C00D2
:102D38002F0038383838380048444700562F530099
:102D480054524B00465041004C41540053504400EB
:102D58004D4143480051464500514E480035746482
:102D6800007C00302E392E3200322E352E31002BC9
:102D7800002D2D2D2D2D00427574746F6E004F752A
:102D88007470757400375365676D656E740053749D
:102D9800657070657200536572766F00456E636F7B
:102DA80064657273004C434400416E616C6F6749FF
:102DB8006E004F7574707574536869667465720037
:102DC800496E70757453686966746572004D55581C
:102DD800446967496E00446967496E4D75780043D8
:102DE8007573746F6D446576696365004D6F6269CC
:102DF800466C6967687400526F636B7321004741C2
:102E0800474147555F4643552D45464953003130A4
:0E2E180031330032393932002D302E300000B7
:00000001FF
